trade_id,entry_timestamp,exit_timestamp,direction,entry_price,exit_price,return_pct,mfe_pct,mae_pct,peak_unrealized_pct,profit_given_back,hours_in_trade,exit_reason,leverage,equity_before,equity_after
1,2024-01-02T12:00:00.000Z,2024-01-03T08:00:00.000Z,short,109.61,103.42,5.6473,5.6473,0.0000,5.6473,0.0000,20.00,take_profit_5pct,1,10000.00,10564.73
2,2024-01-05T00:00:00.000Z,2024-01-06T04:00:00.000Z,short,100.95,94.5,6.3893,6.3893,-0.1981,6.3893,0.0000,28.00,take_profit_5pct,1,10564.73,11239.74
3,2024-01-09T16:00:00.000Z,2024-01-10T20:00:00.000Z,short,99.29,102,-2.7294,4.5422,-2.7294,4.5422,7.2716,28.00,opposite_signal,1,11239.74,10932.97
4,2024-01-11T08:00:00.000Z,2024-01-11T12:00:00.000Z,long,104.43,100.79,-3.4856,0.0000,-3.4856,0.0000,3.4856,4.00,opposite_signal,1,10932.97,10551.89
5,2024-01-14T08:00:00.000Z,2024-01-14T12:00:00.000Z,short,96.74,99.49,-2.8427,0.0000,-2.8427,0.0000,2.8427,4.00,opposite_signal,1,10551.89,10251.93
6,2024-01-14T16:00:00.000Z,2024-01-16T04:00:00.000Z,short,96.14,97.73,-1.6538,2.7356,-1.6538,2.7356,4.3894,36.00,opposite_signal,1,10251.93,10082.38
7,2024-01-16T08:00:00.000Z,2024-01-17T00:00:00.000Z,short,96.7,99.96,-3.3713,0.0000,-3.3713,0.0000,3.3713,16.00,opposite_signal,1,10082.38,9742.48
8,2024-01-17T04:00:00.000Z,2024-01-17T08:00:00.000Z,short,97.32,102.02,-4.8294,0.0000,-4.8294,0.0000,4.8294,4.00,opposite_signal,1,9742.48,9271.97
9,2024-01-17T12:00:00.000Z,2024-01-17T16:00:00.000Z,short,99.38,100.79,-1.4188,0.0000,-1.4188,0.0000,1.4188,4.00,opposite_signal,1,9271.97,9140.42
10,2024-01-24T16:00:00.000Z,2024-01-24T20:00:00.000Z,short,86.37,88.77,-2.7787,0.0000,-2.7787,0.0000,2.7787,4.00,opposite_signal,1,9140.42,8886.43
11,2024-01-25T12:00:00.000Z,2024-01-26T08:00:00.000Z,short,86.41,91.95,-6.4113,0.0000,-6.4113,0.0000,6.4113,20.00,opposite_signal,1,8886.43,8316.70
12,2024-01-27T12:00:00.000Z,2024-01-28T08:00:00.000Z,long,92.83,98.4,6.0002,6.0002,0.0000,6.0002,0.0000,20.00,take_profit_5pct,1,8316.70,8815.72
13,2024-01-29T00:00:00.000Z,2024-01-29T04:00:00.000Z,long,97.85,96.72,-1.1548,0.0000,-1.1548,0.0000,1.1548,4.00,opposite_signal,1,8815.72,8713.91
14,2024-01-29T08:00:00.000Z,2024-01-30T04:00:00.000Z,long,97.44,102.89,5.5932,5.5932,0.0000,5.5932,0.0000,20.00,take_profit_5pct,1,8713.91,9201.30
15,2024-02-02T04:00:00.000Z,2024-02-02T16:00:00.000Z,long,101.21,99.46,-1.7291,0.7509,-1.7291,0.7509,2.4800,12.00,opposite_signal,1,9201.30,9042.20
16,2024-02-09T20:00:00.000Z,2024-02-10T20:00:00.000Z,long,106.94,109.01,1.9357,3.4879,0.0000,3.4879,1.5523,24.00,opposite_signal,1,9042.20,9217.23
17,2024-02-11T00:00:00.000Z,2024-02-11T04:00:00.000Z,long,109.43,109.22,-0.1919,0.0000,-0.1919,0.0000,0.1919,4.00,opposite_signal,1,9217.23,9199.54
18,2024-02-12T12:00:00.000Z,2024-02-13T12:00:00.000Z,long,108.86,110.31,1.3320,4.8503,0.0000,4.8503,3.5183,24.00,opposite_signal,1,9199.54,9322.08
19,2024-02-14T08:00:00.000Z,2024-02-15T04:00:00.000Z,long,115.66,115.01,-0.5620,1.3574,-0.5620,1.3574,1.9194,20.00,opposite_signal,1,9322.08,9269.69
20,2024-02-18T20:00:00.000Z,2024-02-19T00:00:00.000Z,short,112.24,111.68,0.4989,0.4989,0.0000,0.4989,0.0000,4.00,1d_trend_mismatch,1,9269.69,9315.94
21,2024-02-19T04:00:00.000Z,2024-02-19T08:00:00.000Z,long,113.22,112.67,-0.4858,0.0000,-0.4858,0.0000,0.4858,4.00,opposite_signal,1,9315.94,9270.68
22,2024-02-19T12:00:00.000Z,2024-02-19T16:00:00.000Z,long,113.69,111.94,-1.5393,0.0000,-1.5393,0.0000,1.5393,4.00,opposite_signal,1,9270.68,9127.98
23,2024-02-24T20:00:00.000Z,2024-02-26T12:00:00.000Z,short,104.01,104.97,-0.9230,2.9420,-0.9230,2.9420,3.8650,40.00,opposite_signal,1,9127.98,9043.73
24,2024-02-28T04:00:00.000Z,2024-02-28T16:00:00.000Z,long,110.08,111.34,1.1446,2.7162,0.0000,2.7162,1.5716,12.00,opposite_signal,1,9043.73,9147.25
25,2024-02-28T20:00:00.000Z,2024-02-29T04:00:00.000Z,long,119.03,125.49,5.4272,5.4272,0.0000,5.4272,0.0000,8.00,take_profit_5pct,1,9147.25,9643.69
26,2024-03-04T08:00:00.000Z,2024-03-04T12:00:00.000Z,long,132.58,131.77,-0.6110,0.0000,-0.6110,0.0000,0.6110,4.00,opposite_signal,1,9643.69,9584.77
27,2024-03-04T20:00:00.000Z,2024-03-05T00:00:00.000Z,long,133.27,130.13,-2.3561,0.0000,-2.3561,0.0000,2.3561,4.00,opposite_signal,1,9584.77,9358.94
28,2024-03-05T12:00:00.000Z,2024-03-05T16:00:00.000Z,long,139.18,119.24,-14.3268,0.0000,-14.3268,0.0000,14.3268,4.00,opposite_signal,1,9358.94,8018.10
29,2024-03-06T04:00:00.000Z,2024-03-06T12:00:00.000Z,long,133.2,128.22,-3.7387,0.0000,-3.7387,0.0000,3.7387,8.00,opposite_signal,1,8018.10,7718.33
30,2024-03-07T00:00:00.000Z,2024-03-07T12:00:00.000Z,long,138.19,145.91,5.5865,5.5865,0.0000,5.5865,0.0000,12.00,take_profit_5pct,1,7718.33,8149.51
31,2024-03-09T04:00:00.000Z,2024-03-09T08:00:00.000Z,long,148.33,146.82,-1.0180,0.0000,-1.0180,0.0000,1.0180,4.00,opposite_signal,1,8149.51,8066.55
32,2024-03-10T04:00:00.000Z,2024-03-10T08:00:00.000Z,long,148.27,145.42,-1.9222,0.0000,-1.9222,0.0000,1.9222,4.00,opposite_signal,1,8066.55,7911.50
33,2024-03-11T04:00:00.000Z,2024-03-11T12:00:00.000Z,long,147.85,147.06,-0.5343,0.2773,-0.5343,0.2773,0.8116,8.00,opposite_signal,1,7911.50,7869.23
34,2024-03-11T20:00:00.000Z,2024-03-12T08:00:00.000Z,long,148.83,150.45,1.0885,2.0359,0.0000,2.0359,0.9474,12.00,opposite_signal,1,7869.23,7954.88
35,2024-03-13T08:00:00.000Z,2024-03-13T16:00:00.000Z,long,153.73,161.44,5.0153,5.0153,0.0000,5.0153,0.0000,8.00,take_profit_5pct,1,7954.88,8353.84
36,2024-03-14T20:00:00.000Z,2024-03-15T08:00:00.000Z,long,176.65,170,-3.7645,0.0000,-3.7645,0.0000,3.7645,12.00,opposite_signal,1,8353.84,8039.36
37,2024-03-15T12:00:00.000Z,2024-03-16T04:00:00.000Z,long,181.84,192.94,6.1043,6.1043,0.0000,6.1043,0.0000,16.00,take_profit_5pct,1,8039.36,8530.11
38,2024-03-17T08:00:00.000Z,2024-03-17T20:00:00.000Z,long,191.94,201.86,5.1683,5.1683,0.0000,5.1683,0.0000,12.00,take_profit_5pct,1,8530.11,8970.97
39,2024-03-28T20:00:00.000Z,2024-03-29T00:00:00.000Z,long,189.63,188.34,-0.6803,0.0000,-0.6803,0.0000,0.6803,4.00,opposite_signal,1,8970.97,8909.94
40,2024-03-29T20:00:00.000Z,2024-03-30T20:00:00.000Z,long,192.01,194.2,1.1406,2.9946,0.0000,2.9946,1.8541,24.00,opposite_signal,1,8909.94,9011.56
41,2024-03-31T04:00:00.000Z,2024-03-31T08:00:00.000Z,long,196.74,195.83,-0.4625,0.0000,-0.4625,0.0000,0.4625,4.00,opposite_signal,1,9011.56,8969.88
42,2024-03-31T16:00:00.000Z,2024-04-01T04:00:00.000Z,long,200.13,197.96,-1.0843,1.2242,-1.0843,1.2242,2.3085,12.00,opposite_signal,1,8969.88,8872.62
43,2024-04-03T08:00:00.000Z,2024-04-05T04:00:00.000Z,short,187.75,175.04,6.7696,6.7696,-0.6977,6.7696,0.0000,44.00,take_profit_5pct,1,8872.62,9473.26
44,2024-04-07T04:00:00.000Z,2024-04-08T08:00:00.000Z,short,179.75,182.74,-1.6634,1.8581,-1.6634,1.8581,3.5216,28.00,opposite_signal,1,9473.26,9315.68
45,2024-04-08T12:00:00.000Z,2024-04-10T00:00:00.000Z,short,181.46,171.39,5.5494,5.5494,0.0000,5.5494,0.0000,36.00,take_profit_5pct,1,9315.68,9832.65
46,2024-04-15T12:00:00.000Z,2024-04-16T00:00:00.000Z,short,143.31,134.6,6.0777,6.0777,0.0000,6.0777,0.0000,12.00,take_profit_5pct,1,9832.65,10430.25
47,2024-04-17T08:00:00.000Z,2024-04-18T12:00:00.000Z,short,134.29,138.99,-3.4999,4.1552,-3.4999,4.1552,7.6551,28.00,opposite_signal,1,10430.25,10065.21
48,2024-04-19T00:00:00.000Z,2024-04-19T04:00:00.000Z,short,136.54,143.32,-4.9656,0.0000,-4.9656,0.0000,4.9656,4.00,opposite_signal,1,10065.21,9565.41
49,2024-04-19T20:00:00.000Z,2024-04-20T12:00:00.000Z,short,142.5,147.19,-3.2912,0.6667,-3.2912,0.6667,3.9579,16.00,opposite_signal,1,9565.41,9250.59
50,2024-04-23T12:00:00.000Z,2024-04-23T20:00:00.000Z,long,157.92,154.75,-2.0073,0.0000,-2.0073,0.0000,2.0073,8.00,opposite_signal,1,9250.59,9064.90
51,2024-04-24T04:00:00.000Z,2024-04-24T12:00:00.000Z,long,157.84,151.51,-4.0104,0.9440,-4.0104,0.9440,4.9544,8.00,opposite_signal,1,9064.90,8701.36
52,2024-04-27T20:00:00.000Z,2024-04-28T00:00:00.000Z,short,141.31,143.83,-1.7833,0.0000,-1.7833,0.0000,1.7833,4.00,opposite_signal,1,8701.36,8546.19
53,2024-04-28T08:00:00.000Z,2024-04-30T08:00:00.000Z,short,141.2,128.78,8.7960,8.7960,-0.6091,8.7960,0.0000,48.00,take_profit_5pct,1,8546.19,9297.92
54,2024-05-02T00:00:00.000Z,2024-05-02T04:00:00.000Z,short,130.06,131.39,-1.0226,0.0000,-1.0226,0.0000,1.0226,4.00,opposite_signal,1,9297.92,9202.83
55,2024-05-03T04:00:00.000Z,2024-05-03T12:00:00.000Z,short,137.23,142.09,-3.5415,0.2550,-3.5415,0.2550,3.7965,8.00,opposite_signal,1,9202.83,8876.92
56,2024-05-05T12:00:00.000Z,2024-05-05T16:00:00.000Z,long,147.49,146.07,-0.9628,0.0000,-0.9628,0.0000,0.9628,4.00,opposite_signal,1,8876.92,8791.45
57,2024-05-06T04:00:00.000Z,2024-05-07T12:00:00.000Z,long,148.73,154.71,4.0207,4.3031,0.0000,4.3031,0.2824,32.00,opposite_signal,1,8791.45,9144.93
58,2024-05-13T20:00:00.000Z,2024-05-15T12:00:00.000Z,short,147.54,151.61,-2.7586,3.7346,-2.7586,3.7346,6.4932,40.00,opposite_signal,1,9144.93,8892.66
59,2024-05-17T00:00:00.000Z,2024-05-18T00:00:00.000Z,long,162.19,173.2,6.7883,6.7883,0.0000,6.7883,0.0000,24.00,take_profit_5pct,1,8892.66,9496.32
60,2024-05-19T00:00:00.000Z,2024-05-19T08:00:00.000Z,long,174.32,171.76,-1.4686,0.0000,-1.4686,0.0000,1.4686,8.00,opposite_signal,1,9496.32,9356.86
61,2024-05-20T04:00:00.000Z,2024-05-20T16:00:00.000Z,long,178.03,187.25,5.1789,5.1789,-0.1854,5.1789,0.0000,12.00,take_profit_5pct,1,9356.86,9841.45
62,2024-05-27T16:00:00.000Z,2024-05-27T20:00:00.000Z,short,168.65,170.15,-0.8894,0.0000,-0.8894,0.0000,0.8894,4.00,opposite_signal,1,9841.45,9753.92
63,2024-05-28T00:00:00.000Z,2024-05-29T00:00:00.000Z,short,167.4,172.35,-2.9570,0.7826,-2.9570,0.7826,3.7395,24.00,opposite_signal,1,9753.92,9465.49
64,2024-05-29T04:00:00.000Z,2024-06-04T16:00:00.000Z,short,170.8,169.47,0.7787,4.4965,0.0000,4.4965,3.7178,156.00,opposite_signal,1,9465.49,9539.20
65,2024-06-12T16:00:00.000Z,2024-06-14T12:00:00.000Z,short,153.33,143.78,6.2284,6.2284,-1.2326,6.2284,0.0000,44.00,take_profit_5pct,1,9539.20,10133.34
66,2024-06-17T00:00:00.000Z,2024-06-18T00:00:00.000Z,short,147.36,135.62,7.9669,7.9669,0.0000,7.9669,0.0000,24.00,take_profit_5pct,1,10133.34,10940.65
67,2024-06-20T12:00:00.000Z,2024-06-24T00:00:00.000Z,short,133.27,126.23,5.2825,5.2825,-1.3506,5.2825,0.0000,84.00,take_profit_5pct,1,10940.65,11518.59
68,2024-06-25T20:00:00.000Z,2024-06-26T00:00:00.000Z,short,136.58,138.46,-1.3765,0.0000,-1.3765,0.0000,1.3765,4.00,opposite_signal,1,11518.59,11360.04
69,2024-06-26T04:00:00.000Z,2024-06-27T08:00:00.000Z,short,137.94,139.05,-0.8047,1.4717,-0.8047,1.4717,2.2764,28.00,opposite_signal,1,11360.04,11268.63
70,2024-07-01T12:00:00.000Z,2024-07-01T16:00:00.000Z,long,148.5,147.32,-0.7946,0.0000,-0.7946,0.0000,0.7946,4.00,opposite_signal,1,11268.63,11179.08
71,2024-07-02T00:00:00.000Z,2024-07-02T04:00:00.000Z,long,149.16,147.43,-1.1598,0.0000,-1.1598,0.0000,1.1598,4.00,opposite_signal,1,11179.08,11049.43
72,2024-07-02T08:00:00.000Z,2024-07-02T12:00:00.000Z,long,149.68,148.39,-0.8618,0.0000,-0.8618,0.0000,0.8618,4.00,opposite_signal,1,11049.43,10954.20
73,2024-07-02T16:00:00.000Z,2024-07-03T00:00:00.000Z,long,152.79,150.56,-1.4595,0.8116,-1.4595,0.8116,2.2711,8.00,opposite_signal,1,10954.20,10794.32
74,2024-07-05T16:00:00.000Z,2024-07-06T04:00:00.000Z,short,134.97,136.94,-1.4596,0.4816,-1.4596,0.4816,1.9412,12.00,opposite_signal,1,10794.32,10636.77
75,2024-07-08T12:00:00.000Z,2024-07-08T20:00:00.000Z,short,137.43,139.81,-1.7318,0.0000,-1.7318,0.0000,1.7318,8.00,opposite_signal,1,10636.77,10452.56
76,2024-07-09T12:00:00.000Z,2024-07-09T16:00:00.000Z,short,140.52,142.12,-1.1386,0.0000,-1.1386,0.0000,1.1386,4.00,opposite_signal,1,10452.56,10333.54
77,2024-07-09T20:00:00.000Z,2024-07-10T00:00:00.000Z,short,141.42,141.73,-0.2192,0.0000,-0.2192,0.0000,0.2192,4.00,1d_trend_mismatch,1,10333.54,10310.89
78,2024-07-10T04:00:00.000Z,2024-07-10T08:00:00.000Z,long,144.17,142.79,-0.9572,0.0000,-0.9572,0.0000,0.9572,4.00,opposite_signal,1,10310.89,10212.20
79,2024-07-16T08:00:00.000Z,2024-07-17T08:00:00.000Z,long,157.32,160.84,2.2375,2.9367,0.0000,2.9367,0.6992,24.00,opposite_signal,1,10212.20,10440.69
80,2024-07-19T00:00:00.000Z,2024-07-19T04:00:00.000Z,long,161.83,161.42,-0.2534,0.0000,-0.2534,0.0000,0.2534,4.00,opposite_signal,1,10440.69,10414.24
81,2024-07-19T08:00:00.000Z,2024-07-20T08:00:00.000Z,long,162.65,168.03,3.3077,4.8017,0.0000,4.8017,1.4940,24.00,opposite_signal,1,10414.24,10758.71
82,2024-07-20T12:00:00.000Z,2024-07-21T04:00:00.000Z,long,169.28,171.33,1.2110,2.5520,0.0000,2.5520,1.3410,16.00,opposite_signal,1,10758.71,10889.00
83,2024-07-21T08:00:00.000Z,2024-07-21T20:00:00.000Z,long,172.88,184.49,6.7156,6.7156,0.0000,6.7156,0.0000,12.00,take_profit_5pct,1,10889.00,11620.27
84,2024-07-22T08:00:00.000Z,2024-07-22T12:00:00.000Z,long,180.59,179.88,-0.3932,0.0000,-0.3932,0.0000,0.3932,4.00,opposite_signal,1,11620.27,11574.58
85,2024-07-22T16:00:00.000Z,2024-07-22T20:00:00.000Z,long,182.86,178.9,-2.1656,0.0000,-2.1656,0.0000,2.1656,4.00,opposite_signal,1,11574.58,11323.93
86,2024-07-26T00:00:00.000Z,2024-07-27T04:00:00.000Z,long,175.75,185.84,5.7411,5.7411,0.0000,5.7411,0.0000,28.00,take_profit_5pct,1,11323.93,11974.05
87,2024-07-29T00:00:00.000Z,2024-07-29T12:00:00.000Z,long,192.25,186.95,-2.7568,0.0520,-2.7568,0.0520,2.8088,12.00,opposite_signal,1,11974.05,11643.94
88,2024-08-07T16:00:00.000Z,2024-08-08T00:00:00.000Z,short,143.16,153.09,-6.9363,0.0000,-6.9363,0.0000,6.9363,8.00,opposite_signal,1,11643.94,10836.28
89,2024-08-18T20:00:00.000Z,2024-08-20T04:00:00.000Z,short,142.42,147.47,-3.5459,0.0843,-3.5459,0.0843,3.6301,32.00,opposite_signal,1,10836.28,10452.04
90,2024-08-20T08:00:00.000Z,2024-08-23T16:00:00.000Z,short,145.4,149.7,-2.9574,3.4663,-2.9574,3.4663,6.4237,80.00,opposite_signal,1,10452.04,10142.94
91,2024-08-25T12:00:00.000Z,2024-08-25T16:00:00.000Z,long,159.35,159.1,-0.1569,0.0000,-0.1569,0.0000,0.1569,4.00,opposite_signal,1,10142.94,10127.03
92,2024-08-26T00:00:00.000Z,2024-08-26T04:00:00.000Z,long,160.11,159.11,-0.6246,0.0000,-0.6246,0.0000,0.6246,4.00,opposite_signal,1,10127.03,10063.78
93,2024-09-03T04:00:00.000Z,2024-09-03T20:00:00.000Z,short,134.6,127.54,5.2452,5.2452,0.0000,5.2452,0.0000,16.00,take_profit_5pct,1,10063.78,10591.64
94,2024-09-04T16:00:00.000Z,2024-09-06T16:00:00.000Z,short,133.19,125.14,6.0440,6.0440,-0.3379,6.0440,0.0000,48.00,take_profit_5pct,1,10591.64,11231.80
95,2024-09-10T04:00:00.000Z,2024-09-10T12:00:00.000Z,long,134.96,134.14,-0.6076,0.2001,-0.6076,0.2001,0.8076,8.00,opposite_signal,1,11231.80,11163.55
96,2024-09-10T16:00:00.000Z,2024-09-10T20:00:00.000Z,long,136.65,135.63,-0.7464,0.0000,-0.7464,0.0000,0.7464,4.00,opposite_signal,1,11163.55,11080.23
97,2024-09-12T04:00:00.000Z,2024-09-13T00:00:00.000Z,short,134.9,134.44,0.3410,0.9933,-0.8525,0.9933,0.6523,20.00,1d_trend_mismatch,1,11080.23,11118.01
98,2024-09-13T12:00:00.000Z,2024-09-14T04:00:00.000Z,long,136.59,137.51,0.6735,2.0792,0.0000,2.0792,1.4057,16.00,opposite_signal,1,11118.01,11192.89
99,2024-09-17T16:00:00.000Z,2024-09-18T20:00:00.000Z,short,132.23,134.34,-1.5957,3.4485,-1.5957,3.4485,5.0442,28.00,opposite_signal,1,11192.89,11014.29
100,2024-09-21T20:00:00.000Z,2024-09-22T00:00:00.000Z,long,149.41,148.09,-0.8835,0.0000,-0.8835,0.0000,0.8835,4.00,opposite_signal,1,11014.29,10916.98
101,2024-09-24T16:00:00.000Z,2024-09-25T04:00:00.000Z,long,148.24,149.77,1.0321,3.0289,0.0000,3.0289,1.9968,12.00,opposite_signal,1,10916.98,11029.66
102,2024-09-26T04:00:00.000Z,2024-09-27T08:00:00.000Z,long,151.81,156.08,2.8127,3.7283,0.0000,3.7283,0.9156,28.00,opposite_signal,1,11029.66,11339.89
103,2024-09-27T12:00:00.000Z,2024-09-27T16:00:00.000Z,long,159.03,157.59,-0.9055,0.0000,-0.9055,0.0000,0.9055,4.00,opposite_signal,1,11339.89,11237.21
104,2024-10-04T20:00:00.000Z,2024-10-06T12:00:00.000Z,short,143.24,146,-1.9268,0.9844,-1.9268,0.9844,2.9112,40.00,opposite_signal,1,11237.21,11020.69
105,2024-10-06T16:00:00.000Z,2024-10-06T20:00:00.000Z,short,145.42,146.48,-0.7289,0.0000,-0.7289,0.0000,0.7289,4.00,opposite_signal,1,11020.69,10940.35
106,2024-10-07T08:00:00.000Z,2024-10-07T12:00:00.000Z,short,147.43,148.71,-0.8682,0.0000,-0.8682,0.0000,0.8682,4.00,opposite_signal,1,10940.35,10845.37
107,2024-10-07T16:00:00.000Z,2024-10-09T20:00:00.000Z,short,147.09,139.33,5.2757,5.2757,0.0000,5.2757,0.0000,52.00,take_profit_5pct,1,10845.37,11417.54
108,2024-10-12T08:00:00.000Z,2024-10-12T12:00:00.000Z,long,146.26,146.09,-0.1162,0.0000,-0.1162,0.0000,0.1162,4.00,opposite_signal,1,11417.54,11404.26
109,2024-10-14T00:00:00.000Z,2024-10-15T04:00:00.000Z,long,152.51,155.13,1.7179,3.3309,0.0000,3.3309,1.6130,28.00,opposite_signal,1,11404.26,11600.18
110,2024-10-19T20:00:00.000Z,2024-10-20T04:00:00.000Z,long,159.79,158.78,-0.6321,0.0000,-0.6321,0.0000,0.6321,8.00,opposite_signal,1,11600.18,11526.86
111,2024-10-20T12:00:00.000Z,2024-10-20T16:00:00.000Z,long,160.01,160.38,0.2312,0.2312,0.0000,0.2312,0.0000,4.00,opposite_signal,1,11526.86,11553.51
112,2024-10-20T20:00:00.000Z,2024-10-21T12:00:00.000Z,long,167.4,165.27,-1.2724,1.2605,-1.2724,1.2605,2.5329,16.00,opposite_signal,1,11553.51,11406.51
113,2024-10-21T16:00:00.000Z,2024-10-21T20:00:00.000Z,long,167.81,166.17,-0.9773,0.0000,-0.9773,0.0000,0.9773,4.00,opposite_signal,1,11406.51,11295.03
114,2024-10-23T16:00:00.000Z,2024-10-25T00:00:00.000Z,long,173.02,174.68,0.9594,2.5315,-1.2542,2.5315,1.5721,32.00,opposite_signal,1,11295.03,11403.40
115,2024-10-27T04:00:00.000Z,2024-10-28T00:00:00.000Z,long,173.27,175.74,1.4255,2.2739,0.0000,2.2739,0.8484,20.00,opposite_signal,1,11403.40,11565.96
116,2024-10-28T20:00:00.000Z,2024-10-29T12:00:00.000Z,long,178.29,180.61,1.3013,1.9743,0.0000,1.9743,0.6731,16.00,opposite_signal,1,11565.96,11716.46
117,2024-11-05T16:00:00.000Z,2024-11-05T20:00:00.000Z,short,164.09,166.62,-1.5418,0.0000,-1.5418,0.0000,1.5418,4.00,opposite_signal,1,11716.46,11535.81
118,2024-11-09T08:00:00.000Z,2024-11-09T12:00:00.000Z,long,202.18,198.4,-1.8696,0.0000,-1.8696,0.0000,1.8696,4.00,opposite_signal,1,11535.81,11320.13
119,2024-11-10T04:00:00.000Z,2024-11-11T04:00:00.000Z,long,205.06,208.01,1.4386,3.4965,0.0000,3.4965,2.0579,24.00,opposite_signal,1,11320.13,11482.98
120,2024-11-11T08:00:00.000Z,2024-11-12T08:00:00.000Z,long,217.62,211.13,-2.9823,2.0724,-2.9823,2.0724,5.0547,24.00,opposite_signal,1,11482.98,11140.53
121,2024-11-13T12:00:00.000Z,2024-11-13T16:00:00.000Z,long,216.4,210.87,-2.5555,0.0000,-2.5555,0.0000,2.5555,4.00,opposite_signal,1,11140.53,10855.84
122,2024-11-13T20:00:00.000Z,2024-11-14T08:00:00.000Z,long,215.13,216.04,0.4230,2.0034,0.0000,2.0034,1.5804,12.00,opposite_signal,1,10855.84,10901.76
123,2024-11-15T20:00:00.000Z,2024-11-16T08:00:00.000Z,long,218.45,218.9,0.2060,1.3275,0.0000,1.3275,1.1215,12.00,opposite_signal,1,10901.76,10924.22
124,2024-11-17T00:00:00.000Z,2024-11-17T04:00:00.000Z,long,221.37,237.23,7.1645,7.1645,0.0000,7.1645,0.0000,4.00,take_profit_5pct,1,10924.22,11706.88
125,2024-11-19T04:00:00.000Z,2024-11-19T12:00:00.000Z,long,243.32,240.58,-1.1261,1.1302,-1.1261,1.1302,2.2563,8.00,opposite_signal,1,11706.88,11575.05
126,2024-11-21T04:00:00.000Z,2024-11-21T08:00:00.000Z,long,241.47,239.97,-0.6212,0.0000,-0.6212,0.0000,0.6212,4.00,opposite_signal,1,11575.05,11503.15
127,2024-11-21T12:00:00.000Z,2024-11-22T00:00:00.000Z,long,248.86,262.48,5.4730,5.4730,0.0000,5.4730,0.0000,12.00,take_profit_5pct,1,11503.15,12132.71
128,2024-11-23T12:00:00.000Z,2024-11-23T16:00:00.000Z,long,259.71,254.39,-2.0484,0.0000,-2.0484,0.0000,2.0484,4.00,opposite_signal,1,12132.71,11884.18
129,2024-11-27T16:00:00.000Z,2024-11-27T20:00:00.000Z,short,239.07,241.96,-1.2089,0.0000,-1.2089,0.0000,1.2089,4.00,opposite_signal,1,11884.18,11740.52
130,2024-11-28T00:00:00.000Z,2024-11-29T00:00:00.000Z,short,240.01,241.98,-0.8208,2.8957,-0.8208,2.8957,3.7165,24.00,opposite_signal,1,11740.52,11644.15
131,2024-11-29T04:00:00.000Z,2024-11-29T08:00:00.000Z,short,237.65,245.22,-3.1854,0.0000,-3.1854,0.0000,3.1854,4.00,opposite_signal,1,11644.15,11273.24
132,2024-11-29T16:00:00.000Z,2024-11-30T00:00:00.000Z,short,241.14,242.88,-0.7216,0.0000,-0.9082,0.0000,0.7216,8.00,1d_trend_mismatch,1,11273.24,11191.90
133,2024-12-04T12:00:00.000Z,2024-12-05T08:00:00.000Z,short,233.72,241.79,-3.4528,1.9553,-3.4528,1.9553,5.4082,20.00,opposite_signal,1,11191.90,10805.46
134,2024-12-05T16:00:00.000Z,2024-12-06T00:00:00.000Z,short,233.07,241.98,-3.8229,0.0000,-3.8229,0.0000,3.8229,8.00,opposite_signal,1,10805.46,10392.38
135,2024-12-06T04:00:00.000Z,2024-12-09T08:00:00.000Z,short,239.3,225.99,5.5621,5.5621,-0.9904,5.5621,0.0000,76.00,take_profit_5pct,1,10392.38,10970.41
136,2024-12-12T16:00:00.000Z,2024-12-16T08:00:00.000Z,short,227.24,214.1,5.7824,5.7824,0.0000,5.7824,0.0000,88.00,take_profit_5pct,1,10970.41,11604.77
137,2024-12-17T12:00:00.000Z,2024-12-17T16:00:00.000Z,short,220.53,227.45,-3.1379,0.0000,-3.1379,0.0000,3.1379,4.00,opposite_signal,1,11604.77,11240.62
138,2024-12-17T20:00:00.000Z,2024-12-18T16:00:00.000Z,short,223.15,211.69,5.1356,5.1356,0.0000,5.1356,0.0000,20.00,take_profit_5pct,1,11240.62,11817.89
139,2024-12-21T08:00:00.000Z,2024-12-21T16:00:00.000Z,short,192.94,181.52,5.9189,5.9189,0.0000,5.9189,0.0000,8.00,take_profit_5pct,1,11817.89,12517.38
140,2024-12-25T08:00:00.000Z,2024-12-25T12:00:00.000Z,short,195.79,198.27,-1.2667,0.0000,-1.2667,0.0000,1.2667,4.00,opposite_signal,1,12517.38,12358.83
141,2024-12-25T20:00:00.000Z,2024-12-27T04:00:00.000Z,short,197.44,186.67,5.4548,5.4548,0.0000,5.4548,0.0000,32.00,take_profit_5pct,1,12358.83,13032.98
142,2024-12-29T12:00:00.000Z,2024-12-30T16:00:00.000Z,short,195.14,196.21,-0.5483,4.0074,-0.5483,4.0074,4.5557,28.00,opposite_signal,1,13032.98,12961.52
143,2024-12-30T20:00:00.000Z,2024-12-31T12:00:00.000Z,short,191.38,198.44,-3.6890,0.7420,-3.6890,0.7420,4.4310,16.00,opposite_signal,1,12961.52,12483.37
144,2024-12-31T16:00:00.000Z,2025-01-02T00:00:00.000Z,short,193.81,198.54,-2.4405,2.3219,-2.4405,2.3219,4.7624,32.00,opposite_signal,1,12483.37,12178.71
145,2025-01-06T12:00:00.000Z,2025-01-06T20:00:00.000Z,long,221.62,218.22,-1.5342,0.0000,-1.5342,0.0000,1.5342,8.00,opposite_signal,1,12178.71,11991.87
146,2025-01-14T12:00:00.000Z,2025-01-15T00:00:00.000Z,short,186.85,189.73,-1.5413,0.0000,-1.5413,0.0000,1.5413,12.00,opposite_signal,1,11991.87,11807.03
147,2025-01-15T08:00:00.000Z,2025-01-15T12:00:00.000Z,short,186.98,196.52,-5.1021,0.0000,-5.1021,0.0000,5.1021,4.00,opposite_signal,1,11807.03,11204.62
148,2025-01-20T04:00:00.000Z,2025-01-20T08:00:00.000Z,long,261.9,260.6,-0.4964,0.0000,-0.4964,0.0000,0.4964,4.00,opposite_signal,1,11204.62,11149.00
149,2025-01-21T16:00:00.000Z,2025-01-21T20:00:00.000Z,long,253.41,250.33,-1.2154,0.0000,-1.2154,0.0000,1.2154,4.00,opposite_signal,1,11149.00,11013.49
150,2025-01-22T00:00:00.000Z,2025-01-22T20:00:00.000Z,long,254.11,257.36,1.2790,4.3997,0.0000,4.3997,3.1207,20.00,opposite_signal,1,11013.49,11154.35
151,2025-01-24T04:00:00.000Z,2025-01-24T20:00:00.000Z,long,259.7,253.37,-2.4374,2.7416,-2.4374,2.7416,5.1791,16.00,opposite_signal,1,11154.35,10882.47
152,2025-01-25T16:00:00.000Z,2025-01-25T20:00:00.000Z,long,258.5,256.41,-0.8085,0.0000,-0.8085,0.0000,0.8085,4.00,opposite_signal,1,10882.47,10794.49
153,2025-01-30T20:00:00.000Z,2025-02-01T12:00:00.000Z,short,238.31,226.38,5.0061,5.0061,-0.7469,5.0061,0.0000,40.00,take_profit_5pct,1,10794.49,11334.87
154,2025-02-04T04:00:00.000Z,2025-02-04T12:00:00.000Z,short,204.23,215.65,-5.5917,0.0000,-5.5917,0.0000,5.5917,8.00,opposite_signal,1,11334.87,10701.05
155,2025-02-04T16:00:00.000Z,2025-02-05T20:00:00.000Z,short,208.29,196.12,5.8428,5.8428,0.0000,5.8428,0.0000,28.00,take_profit_5pct,1,10701.05,11326.30
156,2025-02-09T08:00:00.000Z,2025-02-10T08:00:00.000Z,short,201.44,204.5,-1.5191,1.1716,-1.5191,1.1716,2.6906,24.00,opposite_signal,1,11326.30,11154.24
157,2025-02-10T12:00:00.000Z,2025-02-12T12:00:00.000Z,short,203.07,192,5.4513,5.4513,-0.6500,5.4513,0.0000,48.00,take_profit_5pct,1,11154.24,11762.30
158,2025-02-14T20:00:00.000Z,2025-02-16T16:00:00.000Z,short,199.39,189.23,5.0955,5.0955,0.0000,5.0955,0.0000,44.00,take_profit_5pct,1,11762.30,12361.65
159,2025-02-21T00:00:00.000Z,2025-02-21T08:00:00.000Z,short,173.28,177.21,-2.2680,0.0000,-2.2680,0.0000,2.2680,8.00,opposite_signal,1,12361.65,12081.29
160,2025-02-21T12:00:00.000Z,2025-02-24T00:00:00.000Z,short,173.17,161.01,7.0220,7.0220,-0.6121,7.0220,0.0000,60.00,take_profit_5pct,1,12081.29,12929.64
161,2025-03-01T04:00:00.000Z,2025-03-01T20:00:00.000Z,short,142.49,143.66,-0.8211,1.5019,-0.8211,1.5019,2.3230,16.00,opposite_signal,1,12929.64,12823.47
162,2025-03-02T00:00:00.000Z,2025-03-02T12:00:00.000Z,short,143.85,157.46,-9.4612,0.2503,-9.4612,0.2503,9.7115,12.00,opposite_signal,1,12823.47,11610.21
163,2025-03-05T12:00:00.000Z,2025-03-06T00:00:00.000Z,short,141.66,148.73,-4.9908,0.0000,-4.9908,0.0000,4.9908,12.00,opposite_signal,1,11610.21,11030.76
164,2025-03-06T12:00:00.000Z,2025-03-07T00:00:00.000Z,short,149.03,140.79,5.5291,5.5291,0.0000,5.5291,0.0000,12.00,take_profit_5pct,1,11030.76,11640.66
165,2025-03-11T20:00:00.000Z,2025-03-12T08:00:00.000Z,short,125.35,126.76,-1.1249,2.2497,-1.1249,2.2497,3.3746,12.00,opposite_signal,1,11640.66,11509.72
166,2025-03-12T12:00:00.000Z,2025-03-14T12:00:00.000Z,short,124.57,132.12,-6.0608,2.4966,-6.0608,2.4966,8.5574,48.00,opposite_signal,1,11509.72,10812.14
167,2025-03-23T16:00:00.000Z,2025-03-24T00:00:00.000Z,short,130.55,138.16,-5.8292,0.0000,-5.8292,0.0000,5.8292,8.00,1d_trend_mismatch,1,10812.14,10181.88
168,2025-03-24T00:00:00.000Z,2025-03-25T00:00:00.000Z,long,138.16,138.57,0.2968,3.7999,0.0000,3.7999,3.5032,24.00,opposite_signal,1,10181.88,10212.09
169,2025-03-25T08:00:00.000Z,2025-03-25T20:00:00.000Z,long,142.15,143.64,1.0482,2.2019,0.0000,2.2019,1.1537,12.00,opposite_signal,1,10212.09,10319.14
170,2025-03-26T04:00:00.000Z,2025-03-26T08:00:00.000Z,long,144.5,144.61,0.0761,0.0761,0.0000,0.0761,0.0000,4.00,opposite_signal,1,10319.14,10326.99
171,2025-04-01T16:00:00.000Z,2025-04-02T12:00:00.000Z,short,126.82,130.43,-2.8466,1.9713,-2.8466,1.9713,4.8179,20.00,opposite_signal,1,10326.99,10033.03
172,2025-04-02T20:00:00.000Z,2025-04-04T16:00:00.000Z,short,117.42,122.61,-4.4200,2.7764,-4.4200,2.7764,7.1964,44.00,opposite_signal,1,10033.03,9589.56
173,2025-04-05T00:00:00.000Z,2025-04-06T16:00:00.000Z,short,120.73,108.07,10.4862,10.4862,-0.2816,10.4862,0.0000,40.00,take_profit_5pct,1,9589.56,10595.15
174,2025-04-08T04:00:00.000Z,2025-04-08T08:00:00.000Z,short,108.7,111.56,-2.6311,0.0000,-2.6311,0.0000,2.6311,4.00,opposite_signal,1,10595.15,10316.38
175,2025-04-08T12:00:00.000Z,2025-04-09T16:00:00.000Z,short,107.2,118.95,-10.9608,3.7780,-10.9608,3.7780,14.7388,28.00,opposite_signal,1,10316.38,9185.62
176,2025-04-14T00:00:00.000Z,2025-04-14T12:00:00.000Z,long,131.73,128.8,-2.2242,1.3437,-2.2242,1.3437,3.5679,12.00,opposite_signal,1,9185.62,8981.31
177,2025-04-16T16:00:00.000Z,2025-04-17T00:00:00.000Z,long,132.45,129.79,-2.0083,0.0000,-2.0083,0.0000,2.0083,8.00,opposite_signal,1,8981.31,8800.94
178,2025-04-17T04:00:00.000Z,2025-04-17T16:00:00.000Z,long,134.26,132.91,-1.0055,0.0000,-1.0055,0.0000,1.0055,12.00,opposite_signal,1,8800.94,8712.44
179,2025-04-17T20:00:00.000Z,2025-04-18T08:00:00.000Z,long,134.83,134.27,-0.4153,0.0593,-0.4153,0.0593,0.4747,12.00,opposite_signal,1,8712.44,8676.25
180,2025-04-19T00:00:00.000Z,2025-04-19T16:00:00.000Z,long,138.82,138.71,-0.0792,0.0936,-0.0792,0.0936,0.1729,16.00,opposite_signal,1,8676.25,8669.38
181,2025-04-19T20:00:00.000Z,2025-04-20T04:00:00.000Z,long,139.87,139.61,-0.1859,0.7793,-0.1859,0.7793,0.9652,8.00,opposite_signal,1,8669.38,8653.26
182,2025-04-22T12:00:00.000Z,2025-04-24T00:00:00.000Z,long,145.32,147.76,1.6791,4.6587,-0.7432,4.6587,2.9796,36.00,opposite_signal,1,8653.26,8798.56
183,2025-04-24T16:00:00.000Z,2025-04-25T00:00:00.000Z,long,151.54,151.74,0.1320,0.6665,0.0000,0.6665,0.5345,8.00,opposite_signal,1,8798.56,8810.17
184,2025-04-25T04:00:00.000Z,2025-04-25T12:00:00.000Z,long,154.86,152.94,-1.2398,0.0000,-1.2398,0.0000,1.2398,8.00,opposite_signal,1,8810.17,8700.94
185,2025-05-01T16:00:00.000Z,2025-05-02T00:00:00.000Z,short,150.26,150.78,-0.3461,0.0000,-0.3927,0.0000,0.3461,8.00,1d_trend_mismatch,1,8700.94,8670.83
186,2025-05-10T12:00:00.000Z,2025-05-11T04:00:00.000Z,long,171.07,172.6,0.8944,3.9867,0.0000,3.9867,3.0923,16.00,opposite_signal,1,8670.83,8748.38
187,2025-05-12T04:00:00.000Z,2025-05-12T08:00:00.000Z,long,176.09,174.11,-1.1244,0.0000,-1.1244,0.0000,1.1244,4.00,opposite_signal,1,8748.38,8650.01
188,2025-05-13T12:00:00.000Z,2025-05-14T12:00:00.000Z,long,176.09,177.35,0.7155,4.3500,0.0000,4.3500,3.6345,24.00,opposite_signal,1,8650.01,8711.90
189,2025-05-18T16:00:00.000Z,2025-05-18T20:00:00.000Z,short,166.65,173.3,-3.9904,0.0000,-3.9904,0.0000,3.9904,4.00,opposite_signal,1,8711.90,8364.26
190,2025-05-21T16:00:00.000Z,2025-05-21T20:00:00.000Z,short,171.14,173.53,-1.3965,0.0000,-1.3965,0.0000,1.3965,4.00,opposite_signal,1,8364.26,8247.45
191,2025-05-26T04:00:00.000Z,2025-05-26T08:00:00.000Z,long,178.16,177.91,-0.1403,0.0000,-0.1403,0.0000,0.1403,4.00,opposite_signal,1,8247.45,8235.88
192,2025-06-03T16:00:00.000Z,2025-06-05T04:00:00.000Z,short,160.56,152.44,5.0573,5.0573,0.0000,5.0573,0.0000,36.00,take_profit_5pct,1,8235.88,8652.39
193,2025-06-07T08:00:00.000Z,2025-06-08T16:00:00.000Z,short,151.45,154.46,-1.9875,1.4130,-1.9875,1.4130,3.4005,32.00,opposite_signal,1,8652.39,8480.43
194,2025-06-08T20:00:00.000Z,2025-06-09T08:00:00.000Z,short,152.45,155.62,-2.0794,1.0298,-2.0794,1.0298,3.1092,12.00,opposite_signal,1,8480.43,8304.09
195,2025-06-10T16:00:00.000Z,2025-06-11T08:00:00.000Z,long,163.61,164.5,0.5440,1.8703,0.0000,1.8703,1.3263,16.00,opposite_signal,1,8304.09,8349.26
196,2025-06-11T12:00:00.000Z,2025-06-11T16:00:00.000Z,long,167.26,162.64,-2.7622,0.0000,-2.7622,0.0000,2.7622,4.00,opposite_signal,1,8349.26,8118.64
197,2025-06-16T20:00:00.000Z,2025-06-19T12:00:00.000Z,short,150.72,143.16,5.0159,5.0159,-1.7516,5.0159,0.0000,64.00,take_profit_5pct,1,8118.64,8525.87
198,2025-06-25T12:00:00.000Z,2025-06-28T04:00:00.000Z,short,143.69,146.57,-2.0043,3.2222,-2.0043,3.2222,5.2265,64.00,opposite_signal,1,8525.87,8354.98
199,2025-06-29T20:00:00.000Z,2025-06-30T00:00:00.000Z,long,153.32,151.77,-1.0110,0.0000,-1.0110,0.0000,1.0110,4.00,opposite_signal,1,8354.98,8270.52
200,2025-06-30T12:00:00.000Z,2025-06-30T20:00:00.000Z,long,157.83,154.81,-1.9135,0.0000,-1.9135,0.0000,1.9135,8.00,opposite_signal,1,8270.52,8112.27
201,2025-07-02T20:00:00.000Z,2025-07-03T00:00:00.000Z,short,152.27,153.42,-0.7552,0.0000,-0.7552,0.0000,0.7552,4.00,1d_trend_mismatch,1,8112.27,8051.00
202,2025-07-03T00:00:00.000Z,2025-07-03T08:00:00.000Z,long,153.42,154.53,0.7235,1.4275,0.0000,1.4275,0.7039,8.00,opposite_signal,1,8051.00,8109.25
203,2025-07-10T16:00:00.000Z,2025-07-11T12:00:00.000Z,long,159.34,162.34,1.8828,3.6902,0.0000,3.6902,1.8075,20.00,opposite_signal,1,8109.25,8261.93
204,2025-07-11T16:00:00.000Z,2025-07-11T20:00:00.000Z,long,164.58,162.93,-1.0026,0.0000,-1.0026,0.0000,1.0026,4.00,opposite_signal,1,8261.93,8179.10
205,2025-07-14T00:00:00.000Z,2025-07-14T12:00:00.000Z,long,167.11,163.96,-1.8850,0.0838,-1.8850,0.0838,1.9688,12.00,opposite_signal,1,8179.10,8024.92
206,2025-07-16T08:00:00.000Z,2025-07-17T00:00:00.000Z,long,166.66,169.54,1.7281,4.5002,0.0000,4.5002,2.7721,16.00,opposite_signal,1,8024.92,8163.60
207,2025-07-17T04:00:00.000Z,2025-07-17T16:00:00.000Z,long,174.02,173.05,-0.5574,1.2355,-0.5574,1.2355,1.7929,12.00,opposite_signal,1,8163.60,8118.09
208,2025-07-17T20:00:00.000Z,2025-07-18T12:00:00.000Z,long,175.87,177.02,0.6539,2.8828,0.0000,2.8828,2.2289,16.00,opposite_signal,1,8118.09,8171.18
209,2025-07-20T08:00:00.000Z,2025-07-20T20:00:00.000Z,long,180.44,181.43,0.5487,0.8590,0.0000,0.8590,0.3104,12.00,opposite_signal,1,8171.18,8216.01
210,2025-07-21T00:00:00.000Z,2025-07-21T12:00:00.000Z,long,186.71,196.79,5.3987,5.3987,0.0000,5.3987,0.0000,12.00,take_profit_5pct,1,8216.01,8659.57
211,2025-07-26T08:00:00.000Z,2025-07-26T12:00:00.000Z,long,187.74,187.52,-0.1172,0.0000,-0.1172,0.0000,0.1172,4.00,opposite_signal,1,8659.57,8649.42
212,2025-07-28T00:00:00.000Z,2025-07-28T08:00:00.000Z,long,193.35,192,-0.6982,0.0000,-0.6982,0.0000,0.6982,8.00,opposite_signal,1,8649.42,8589.03
213,2025-08-04T16:00:00.000Z,2025-08-04T20:00:00.000Z,short,165.65,169.55,-2.3544,0.0000,-2.3544,0.0000,2.3544,4.00,opposite_signal,1,8589.03,8386.81
214,2025-08-05T04:00:00.000Z,2025-08-05T08:00:00.000Z,short,166.22,170.89,-2.8095,0.0000,-2.8095,0.0000,2.8095,4.00,opposite_signal,1,8386.81,8151.18
215,2025-08-05T12:00:00.000Z,2025-08-06T12:00:00.000Z,short,163.78,169.04,-3.2116,1.1723,-3.2116,1.1723,4.3839,24.00,opposite_signal,1,8151.18,7889.40
216,2025-08-06T20:00:00.000Z,2025-08-07T04:00:00.000Z,short,168.09,169.99,-1.1303,0.7139,-1.1303,0.7139,1.8443,8.00,opposite_signal,1,7889.40,7800.22
217,2025-08-07T12:00:00.000Z,2025-08-07T16:00:00.000Z,short,170.49,171.75,-0.7390,0.0000,-0.7390,0.0000,0.7390,4.00,opposite_signal,1,7800.22,7742.57
218,2025-08-08T16:00:00.000Z,2025-08-08T20:00:00.000Z,long,178.47,176.78,-0.9469,0.0000,-0.9469,0.0000,0.9469,4.00,opposite_signal,1,7742.57,7669.26
219,2025-08-09T04:00:00.000Z,2025-08-09T12:00:00.000Z,long,180.62,180.09,-0.2934,0.0941,-0.2934,0.0941,0.3876,8.00,opposite_signal,1,7669.26,7646.75
220,2025-08-09T16:00:00.000Z,2025-08-09T20:00:00.000Z,long,182.14,179.95,-1.2024,0.0000,-1.2024,0.0000,1.2024,4.00,opposite_signal,1,7646.75,7554.81
221,2025-08-10T00:00:00.000Z,2025-08-10T04:00:00.000Z,long,184.98,178.94,-3.2652,0.0000,-3.2652,0.0000,3.2652,4.00,opposite_signal,1,7554.81,7308.13
222,2025-08-11T00:00:00.000Z,2025-08-11T04:00:00.000Z,long,185.14,182.97,-1.1721,0.0000,-1.1721,0.0000,1.1721,4.00,opposite_signal,1,7308.13,7222.47
223,2025-08-17T08:00:00.000Z,2025-08-17T16:00:00.000Z,long,193.58,191.18,-1.2398,0.9763,-1.2398,0.9763,2.2161,8.00,opposite_signal,1,7222.47,7132.93
224,2025-08-25T00:00:00.000Z,2025-08-25T04:00:00.000Z,long,209.24,199.82,-4.5020,0.0000,-4.5020,0.0000,4.5020,4.00,opposite_signal,1,7132.93,6811.80
225,2025-08-26T20:00:00.000Z,2025-08-27T00:00:00.000Z,short,195.86,201.92,-3.0940,0.0000,-3.0940,0.0000,3.0940,4.00,1d_trend_mismatch,1,6811.80,6601.04
226,2025-08-27T00:00:00.000Z,2025-08-27T20:00:00.000Z,long,201.92,202.95,0.5101,3.3380,0.0000,3.3380,2.8279,20.00,opposite_signal,1,6601.04,6634.71
227,2025-08-28T00:00:00.000Z,2025-08-28T16:00:00.000Z,long,208.15,209.94,0.8600,2.3973,0.0000,2.3973,1.5374,16.00,opposite_signal,1,6634.71,6691.77
228,2025-08-28T20:00:00.000Z,2025-08-29T04:00:00.000Z,long,214.43,208.77,-2.6396,1.1332,-2.6396,1.1332,3.7728,8.00,opposite_signal,1,6691.77,6515.14
229,2025-09-08T00:00:00.000Z,2025-09-08T04:00:00.000Z,long,207.65,207.92,0.1300,0.1300,0.0000,0.1300,0.0000,4.00,opposite_signal,1,6515.14,6523.61
230,2025-09-08T08:00:00.000Z,2025-09-09T12:00:00.000Z,long,214.28,213.07,-0.5647,2.3101,-0.5647,2.3101,2.8747,28.00,opposite_signal,1,6523.61,6486.77
231,2025-09-10T00:00:00.000Z,2025-09-10T08:00:00.000Z,long,219.2,220.25,0.4790,1.3914,0.0000,1.3914,0.9124,8.00,opposite_signal,1,6486.77,6517.84
232,2025-09-10T12:00:00.000Z,2025-09-10T16:00:00.000Z,long,223.17,221.23,-0.8693,0.0000,-0.8693,0.0000,0.8693,4.00,opposite_signal,1,6517.84,6461.18
233,2025-09-10T20:00:00.000Z,2025-09-11T04:00:00.000Z,long,224.07,223.23,-0.3749,0.0446,-0.3749,0.0446,0.4195,8.00,opposite_signal,1,6461.18,6436.96
234,2025-09-11T08:00:00.000Z,2025-09-12T04:00:00.000Z,long,225.03,237.33,5.4659,5.4659,0.0000,5.4659,0.0000,20.00,take_profit_5pct,1,6436.96,6788.80
235,2025-09-14T00:00:00.000Z,2025-09-14T12:00:00.000Z,long,246.89,243.81,-1.2475,0.0000,-1.2475,0.0000,1.2475,12.00,opposite_signal,1,6788.80,6704.11
236,2025-09-17T20:00:00.000Z,2025-09-18T20:00:00.000Z,long,244.84,247.5,1.0864,1.4377,-0.0368,1.4377,0.3512,24.00,opposite_signal,1,6704.11,6776.95
237,2025-09-27T00:00:00.000Z,2025-09-28T16:00:00.000Z,short,203.88,206.18,-1.1281,1.9717,-1.1281,1.9717,3.0999,40.00,opposite_signal,1,6776.95,6700.49
238,2025-09-29T08:00:00.000Z,2025-09-29T12:00:00.000Z,short,207.07,210.07,-1.4488,0.0000,-1.4488,0.0000,1.4488,4.00,opposite_signal,1,6700.49,6603.42
239,2025-09-30T00:00:00.000Z,2025-10-01T08:00:00.000Z,short,210.71,217.75,-3.3411,2.2353,-3.3411,2.2353,5.5764,32.00,opposite_signal,1,6603.42,6382.79
240,2025-10-03T08:00:00.000Z,2025-10-03T20:00:00.000Z,long,230.78,232.84,0.8926,1.7376,0.0000,1.7376,0.8450,12.00,opposite_signal,1,6382.79,6439.77
241,2025-10-05T04:00:00.000Z,2025-10-05T08:00:00.000Z,long,236.59,232.66,-1.6611,0.0000,-1.6611,0.0000,1.6611,4.00,opposite_signal,1,6439.77,6332.80
242,2025-10-06T12:00:00.000Z,2025-10-06T16:00:00.000Z,long,235.64,235.35,-0.1231,0.0000,-0.1231,0.0000,0.1231,4.00,opposite_signal,1,6332.80,6325.00
243,2025-10-13T08:00:00.000Z,2025-10-13T12:00:00.000Z,short,192.56,196.42,-2.0046,0.0000,-2.0046,0.0000,2.0046,4.00,opposite_signal,1,6325.00,6198.21
244,2025-10-14T04:00:00.000Z,2025-10-14T12:00:00.000Z,short,194.47,202.22,-3.9852,0.0000,-3.9852,0.0000,3.9852,8.00,opposite_signal,1,6198.21,5951.20
245,2025-10-14T16:00:00.000Z,2025-10-14T20:00:00.000Z,short,198.54,202.44,-1.9643,0.0000,-1.9643,0.0000,1.9643,4.00,opposite_signal,1,5951.20,5834.30
246,2025-10-15T00:00:00.000Z,2025-10-15T04:00:00.000Z,short,201.65,204.66,-1.4927,0.0000,-1.4927,0.0000,1.4927,4.00,opposite_signal,1,5834.30,5747.21
247,2025-10-15T08:00:00.000Z,2025-10-16T12:00:00.000Z,short,202.6,187.61,7.3988,7.3988,0.0000,7.3988,0.0000,28.00,take_profit_5pct,1,5747.21,6172.44
248,2025-10-19T16:00:00.000Z,2025-10-20T00:00:00.000Z,short,188.88,191.21,-1.2336,0.5400,-1.2336,0.5400,1.7736,8.00,opposite_signal,1,6172.44,6096.30
249,2025-10-20T08:00:00.000Z,2025-10-21T12:00:00.000Z,short,192.2,196.22,-2.0916,3.7305,-2.0916,3.7305,5.8221,28.00,opposite_signal,1,6096.30,5968.79
250,2025-10-21T20:00:00.000Z,2025-10-23T04:00:00.000Z,short,185.63,187.48,-0.9966,2.9683,-0.9966,2.9683,3.9649,32.00,opposite_signal,1,5968.79,5909.30
251,2025-10-23T08:00:00.000Z,2025-10-23T12:00:00.000Z,short,187.98,191.04,-1.6278,0.0000,-1.6278,0.0000,1.6278,4.00,opposite_signal,1,5909.30,5813.11
252,2025-10-24T08:00:00.000Z,2025-10-24T16:00:00.000Z,short,192.13,193.09,-0.4997,1.3949,-0.4997,1.3949,1.8946,8.00,opposite_signal,1,5813.11,5784.06
253,2025-10-24T20:00:00.000Z,2025-10-25T00:00:00.000Z,short,193.59,193.47,0.0620,0.0620,0.0000,0.0620,0.0000,4.00,1d_trend_mismatch,1,5784.06,5787.65
254,2025-11-08T04:00:00.000Z,2025-11-09T12:00:00.000Z,short,161.06,162.53,-0.9127,3.2162,-0.9127,3.2162,4.1289,32.00,opposite_signal,1,5787.65,5734.82
255,2025-11-10T12:00:00.000Z,2025-11-11T00:00:00.000Z,short,166.26,169.97,-2.2314,0.0000,-2.2314,0.0000,2.2314,12.00,opposite_signal,1,5734.82,5606.86
256,2025-11-11T04:00:00.000Z,2025-11-11T20:00:00.000Z,short,163.98,154.63,5.7019,5.7019,0.0000,5.7019,0.0000,16.00,take_profit_5pct,1,5606.86,5926.55
257,2025-11-19T00:00:00.000Z,2025-11-19T16:00:00.000Z,short,139.81,131.74,5.7721,5.7721,-0.5507,5.7721,0.0000,16.00,take_profit_5pct,1,5926.55,6268.64
258,2025-11-20T12:00:00.000Z,2025-11-21T04:00:00.000Z,short,138.57,127.55,7.9527,7.9527,0.0000,7.9527,0.0000,16.00,take_profit_5pct,1,6268.64,6767.16
259,2025-11-23T20:00:00.000Z,2025-11-24T00:00:00.000Z,short,130.58,133.43,-2.1826,0.0000,-2.1826,0.0000,2.1826,4.00,opposite_signal,1,6767.16,6619.47
260,2025-11-24T04:00:00.000Z,2025-11-24T16:00:00.000Z,short,130.34,137.24,-5.2938,0.5524,-5.2938,0.5524,5.8462,12.00,opposite_signal,1,6619.47,6269.04
261,2025-11-25T08:00:00.000Z,2025-11-25T20:00:00.000Z,short,136.29,138.96,-1.9591,1.0492,-1.9591,1.0492,3.0083,12.00,opposite_signal,1,6269.04,6146.23
262,2025-11-26T08:00:00.000Z,2025-11-26T16:00:00.000Z,short,136.87,143.99,-5.2020,0.1534,-5.2020,0.1534,5.3554,8.00,opposite_signal,1,6146.23,5826.50
263,2025-12-07T20:00:00.000Z,2025-12-08T04:00:00.000Z,short,132.24,135.85,-2.7299,0.0000,-2.7299,0.0000,2.7299,8.00,opposite_signal,1,5826.50,5667.44
264,2025-12-08T12:00:00.000Z,2025-12-09T12:00:00.000Z,short,135.55,138.45,-2.1394,1.9181,-2.1394,1.9181,4.0575,24.00,opposite_signal,1,5667.44,5546.19
265,2025-12-09T20:00:00.000Z,2025-12-10T00:00:00.000Z,short,137.88,138.15,-0.1958,0.0000,-0.1958,0.0000,0.1958,4.00,1d_trend_mismatch,1,5546.19,5535.33
266,2025-12-10T04:00:00.000Z,2025-12-10T08:00:00.000Z,long,139.2,137.24,-1.4080,0.0000,-1.4080,0.0000,1.4080,4.00,opposite_signal,1,5535.33,5457.39
267,2025-12-12T12:00:00.000Z,2025-12-15T16:00:00.000Z,short,133.49,125.02,6.3450,6.3450,0.0000,6.3450,0.0000,76.00,take_profit_5pct,1,5457.39,5803.67
268,2025-12-18T16:00:00.000Z,2025-12-19T08:00:00.000Z,short,117.56,125.36,-6.6349,0.0000,-6.6349,0.0000,6.6349,16.00,opposite_signal,1,5803.67,5418.60
269,2025-12-19T12:00:00.000Z,2025-12-19T16:00:00.000Z,short,125.09,126.25,-0.9273,0.0000,-0.9273,0.0000,0.9273,4.00,opposite_signal,1,5418.60,5368.35
270,2025-12-19T20:00:00.000Z,2025-12-29T00:00:00.000Z,short,126.27,128.58,-1.8294,4.9180,-1.8294,4.9180,6.7474,220.00,opposite_signal,1,5368.35,5270.14
271,2025-12-29T08:00:00.000Z,2026-01-02T00:00:00.000Z,short,125.08,127.53,-1.9587,1.6150,-1.9587,1.6150,3.5737,88.00,1d_trend_mismatch,1,5270.14,5166.91
272,2026-01-02T12:00:00.000Z,2026-01-03T04:00:00.000Z,long,128.98,130.1,0.8684,2.9850,0.0000,2.9850,2.1166,16.00,opposite_signal,1,5166.91,5211.78
273,2026-01-03T20:00:00.000Z,2026-01-04T04:00:00.000Z,long,133.37,133.8,0.3224,0.9372,0.0000,0.9372,0.6148,8.00,opposite_signal,1,5211.78,5228.58
274,2026-01-04T08:00:00.000Z,2026-01-04T16:00:00.000Z,long,134.39,133.56,-0.6176,0.3869,-0.6176,0.3869,1.0045,8.00,opposite_signal,1,5228.58,5196.29
275,2026-01-05T00:00:00.000Z,2026-01-05T04:00:00.000Z,long,136.64,135.45,-0.8709,0.0000,-0.8709,0.0000,0.8709,4.00,opposite_signal,1,5196.29,5151.04
276,2026-01-05T16:00:00.000Z,2026-01-06T04:00:00.000Z,long,138.23,137.61,-0.4485,0.1085,-0.4485,0.1085,0.5570,12.00,opposite_signal,1,5151.04,5127.93
277,2026-01-06T08:00:00.000Z,2026-01-06T16:00:00.000Z,long,139.5,137.53,-1.4122,1.5054,-1.4122,1.5054,2.9176,8.00,opposite_signal,1,5127.93,5055.52
278,2026-01-06T20:00:00.000Z,2026-01-07T00:00:00.000Z,long,141.08,139.58,-1.0632,0.0000,-1.0632,0.0000,1.0632,4.00,opposite_signal,1,5055.52,5001.76
279,2026-01-09T00:00:00.000Z,2026-01-09T04:00:00.000Z,long,140.81,139.54,-0.9019,0.0000,-0.9019,0.0000,0.9019,4.00,opposite_signal,1,5001.76,4956.65
280,2026-01-12T12:00:00.000Z,2026-01-12T16:00:00.000Z,long,142.58,140.99,-1.1152,0.0000,-1.1152,0.0000,1.1152,4.00,opposite_signal,1,4956.65,4901.38
281,2026-01-13T12:00:00.000Z,2026-01-14T04:00:00.000Z,long,143.51,144.86,0.9407,1.9371,0.0000,1.9371,0.9964,16.00,opposite_signal,1,4901.38,4947.48
282,2026-01-14T12:00:00.000Z,2026-01-14T20:00:00.000Z,long,147.07,146.69,-0.2584,0.0000,-0.2584,0.0000,0.2584,8.00,opposite_signal,1,4947.48,4934.70
283,2026-01-28T00:00:00.000Z,2026-01-28T08:00:00.000Z,short,126.96,128.17,-0.9531,0.0000,-0.9531,0.0000,0.9531,8.00,opposite_signal,1,4934.70,4887.67
284,2026-01-28T12:00:00.000Z,2026-01-29T12:00:00.000Z,short,126.07,117.69,6.6471,6.6471,0.0000,6.6471,0.0000,24.00,take_profit_5pct,1,4887.67,5212.56
285,2026-02-07T04:00:00.000Z,2026-02-07T16:00:00.000Z,short,85.29,88.3,-3.5291,0.4455,-3.5291,0.4455,3.9747,12.00,opposite_signal,1,5212.56,5028.60
286,2026-02-07T20:00:00.000Z,2026-02-08T08:00:00.000Z,short,87.59,88.25,-0.7535,0.8791,-0.7535,0.8791,1.6326,12.00,opposite_signal,1,5028.60,4990.71
287,2026-02-08T12:00:00.000Z,2026-02-09T16:00:00.000Z,short,87.77,87.97,-0.2279,4.8992,-0.7292,4.8992,5.1270,28.00,opposite_signal,1,4990.71,4979.34
288,2026-02-09T20:00:00.000Z,2026-02-11T04:00:00.000Z,short,86.77,81,6.6498,6.6498,0.0000,6.6498,0.0000,32.00,take_profit_5pct,1,4979.34,5310.45
289,2026-02-15T12:00:00.000Z,2026-02-18T08:00:00.000Z,short,87.42,82.86,5.2162,5.2162,0.0000,5.2162,0.0000,68.00,take_profit_5pct,1,5310.45,5587.46
290,2026-02-20T20:00:00.000Z,2026-02-21T08:00:00.000Z,short,84.67,85.4,-0.8622,0.5079,-0.8622,0.5079,1.3700,12.00,opposite_signal,1,5587.46,5539.28
291,2026-02-21T20:00:00.000Z,2026-02-23T00:00:00.000Z,short,85.17,77.66,8.8177,8.8177,-0.1174,8.8177,0.0000,28.00,take_profit_5pct,1,5539.28,6027.72
292,2026-02-27T00:00:00.000Z,2026-02-27T04:00:00.000Z,long,87.63,87.31,-0.3652,0.0000,-0.3652,0.0000,0.3652,4.00,opposite_signal,1,6027.72,6005.71