1704153600000,4745.2001953125,4754.330078125,4722.669921875,4742.830078125,3743050000.0,1704239999999,0,0,0,0,0
1704240000000,4725.06982421875,4729.2900390625,4699.7099609375,4704.81005859375,3950760000.0,1704326399999,0,0,0,0,0
1704326400000,4697.419921875,4726.77978515625,4687.52978515625,4688.68017578125,3715480000.0,1704412799999,0,0,0,0,0
1704412800000,4690.56982421875,4721.490234375,4682.10986328125,4697.240234375,3844370000.0,1704499199999,0,0,0,0,0
1704672000000,4703.7001953125,4764.5400390625,4699.81982421875,4763.5400390625,3742320000.0,1704758399999,0,0,0,0,0
1704758400000,4741.93017578125,4765.47021484375,4730.35009765625,4756.5,3529960000.0,1704844799999,0,0,0,0,0
1704844800000,4759.93994140625,4790.7998046875,4756.2001953125,4783.4501953125,3498680000.0,1704931199999,0,0,0,0,0
1704931200000,4792.1298828125,4798.5,4739.580078125,4780.240234375,3759890000.0,1705017599999,0,0,0,0,0
1705017600000,4791.18017578125,4802.39990234375,4768.97998046875,4783.830078125,3486340000.0,1705103999999,0,0,0,0,0
1705363200000,4772.35009765625,4782.33984375,4747.1201171875,4765.97998046875,4260550000.0,1705449599999,0,0,0,0,0
1705449600000,4739.1298828125,4744.22998046875,4714.81982421875,4739.2099609375,3928600000.0,1705535999999,0,0,0,0,0
1705536000000,4760.10009765625,4785.7900390625,4740.56982421875,4780.93994140625,4019000000.0,1705622399999,0,0,0,0,0
1705622400000,4796.27978515625,4842.06982421875,4785.8701171875,4839.81005859375,4287200000.0,1705708799999,0,0,0,0,0
1705881600000,4853.419921875,4868.41015625,4844.0498046875,4850.43017578125,4297610000.0,1705967999999,0,0,0,0,0
1705968000000,4856.7998046875,4866.47998046875,4844.3701171875,4864.60009765625,3912800000.0,1706054399999,0,0,0,0,0
1706054400000,4888.56005859375,4903.68017578125,4865.93994140625,4868.5498046875,4330030000.0,1706140799999,0,0,0,0,0
1706140800000,4886.66015625,4898.14990234375,4869.33984375,4894.16015625,4020430000.0,1706227199999,0,0,0,0,0
1706227200000,4888.91015625,4906.68994140625,4881.47021484375,4890.97021484375,3353400000.0,1706313599999,0,0,0,0,0
1706486400000,4892.9501953125,4929.31005859375,4887.39990234375,4927.93017578125,3525160000.0,1706572799999,0,0,0,0,0
1706572800000,4925.89013671875,4931.08984375,4916.27001953125,4924.97021484375,3836130000.0,1706659199999,0,0,0,0,0
1706659200000,4899.18994140625,4906.75,4845.14990234375,4845.64990234375,4696120000.0,1706745599999,0,0,0,0,0
1706745600000,4861.10986328125,4906.97021484375,4853.52001953125,4906.18994140625,4386090000.0,1706831999999,0,0,0,0,0
1706832000000,4916.06005859375,4975.2900390625,4907.990234375,4958.60986328125,3974350000.0,1706918399999,0,0,0,0,0
1707091200000,4957.18994140625,4957.18994140625,4918.08984375,4942.81005859375,4023640000.0,1707177599999,0,0,0,0,0
1707177600000,4950.16015625,4957.77001953125,4934.8798828125,4954.22998046875,4440880000.0,1707263999999,0,0,0,0,0
1707264000000,4973.0498046875,4999.89013671875,4969.0498046875,4995.06005859375,4895590000.0,1707350399999,0,0,0,0,0
1707350400000,4995.16015625,5000.39990234375,4987.08984375,4997.91015625,4341860000.0,1707436799999,0,0,0,0,0
1707436800000,5004.169921875,5030.06005859375,5000.33984375,5026.60986328125,3912990000.0,1707523199999,0,0,0,0,0
1707696000000,5026.830078125,5048.39013671875,5016.830078125,5021.83984375,3805740000.0,1707782399999,0,0,0,0,0
1707782400000,4967.93994140625,4971.2998046875,4920.31005859375,4953.169921875,4302190000.0,1707868799999,0,0,0,0,0
1707868800000,4976.43994140625,5002.52001953125,4956.4501953125,5000.6201171875,3845600000.0,1707955199999,0,0,0,0,0
1707955200000,5003.14013671875,5032.72021484375,4999.43994140625,5029.72998046875,4137970000.0,1708041599999,0,0,0,0,0
1708041600000,5031.1298828125,5038.7001953125,4999.52001953125,5005.56982421875,3833270000.0,1708127999999,0,0,0,0,0
1708387200000,4989.31982421875,4993.7099609375,4955.02001953125,4975.509765625,4034880000.0,1708473599999,0,0,0,0,0
1708473600000,4963.02978515625,4983.2099609375,4946.0,4981.7998046875,3788390000.0,1708559999999,0,0,0,0,0
1708560000000,5038.830078125,5094.39013671875,5038.830078125,5087.02978515625,4051710000.0,1708646399999,0,0,0,0,0
1708646400000,5100.919921875,5111.06005859375,5081.4599609375,5088.7998046875,3672790000.0,1708732799999,0,0,0,0,0
1708905600000,5093.0,5097.66015625,5068.91015625,5069.52978515625,3683930000.0,1708991999999,0,0,0,0,0
1708992000000,5074.60009765625,5080.68994140625,5057.2900390625,5078.18017578125,3925950000.0,1709078399999,0,0,0,0,0
1709078400000,5067.2001953125,5077.3701171875,5058.35009765625,5069.759765625,3789370000.0,1709164799999,0,0,0,0,0
1709164800000,5085.35986328125,5104.990234375,5061.89013671875,5096.27001953125,5219740000.0,1709251199999,0,0,0,0,0
1709251200000,5098.509765625,5140.330078125,5094.16015625,5137.080078125,4748110000.0,1709337599999,0,0,0,0,0
1709510400000,5130.990234375,5149.669921875,5127.18017578125,5130.9501953125,4758440000.0,1709596799999,0,0,0,0,0
1709596800000,5110.52001953125,5114.5400390625,5056.81982421875,5078.64990234375,4418410000.0,1709683199999,0,0,0,0,0
1709683200000,5108.02978515625,5127.97021484375,5092.22021484375,5104.759765625,4559050000.0,1709769599999,0,0,0,0,0
1709769600000,5132.3798828125,5165.6201171875,5128.2099609375,5157.35986328125,4137980000.0,1709855999999,0,0,0,0,0
1709856000000,5164.4599609375,5189.259765625,5117.5,5123.68994140625,4208870000.0,1709942399999,0,0,0,0,0
1710115200000,5111.9599609375,5124.66015625,5091.14013671875,5117.93994140625,3896430000.0,1710201599999,0,0,0,0,0
1710201600000,5134.2998046875,5179.8701171875,5114.47998046875,5175.27001953125,4080510000.0,1710287999999,0,0,0,0,0
1710288000000,5173.490234375,5179.14013671875,5151.8798828125,5165.31005859375,4282890000.0,1710374399999,0,0,0,0,0
1710374400000,5175.14013671875,5176.85009765625,5123.2998046875,5150.47998046875,4687970000.0,1710460799999,0,0,0,0,0
1710460800000,5123.31005859375,5136.85986328125,5104.35009765625,5117.08984375,7753670000.0,1710547199999,0,0,0,0,0
1710720000000,5154.77001953125,5175.60009765625,5145.47021484375,5149.419921875,4036220000.0,1710806399999,0,0,0,0,0
1710806400000,5139.08984375,5180.31005859375,5131.58984375,5178.509765625,4031760000.0,1710892799999,0,0,0,0,0
1710892800000,5181.68994140625,5226.18994140625,5171.5498046875,5224.6201171875,4064850000.0,1710979199999,0,0,0,0,0
1710979200000,5253.43017578125,5261.10009765625,5240.66015625,5241.52978515625,4207730000.0,1711065599999,0,0,0,0,0
1711065600000,5242.47998046875,5246.08984375,5229.8701171875,5234.18017578125,3374700000.0,1711151999999,0,0,0,0,0
1711324800000,5219.52001953125,5229.08984375,5216.08984375,5218.18994140625,3331360000.0,1711411199999,0,0,0,0,0
1711411200000,5228.85009765625,5235.16015625,5203.419921875,5203.580078125,3871790000.0,1711497599999,0,0,0,0,0
1711497600000,5226.31005859375,5249.259765625,5213.919921875,5248.490234375,3850500000.0,1711583999999,0,0,0,0,0
1711584000000,5248.02978515625,5264.85009765625,5245.81982421875,5254.35009765625,3998270000.0,1711670399999,0,0,0,0,0
1711929600000,5257.97021484375,5263.9501953125,5229.2001953125,5243.77001953125,3325930000.0,1712015999999,0,0,0,0,0
1712016000000,5204.2900390625,5208.33984375,5184.0498046875,5205.81005859375,3886590000.0,1712102399999,0,0,0,0,0
1712102400000,5194.3701171875,5228.75,5194.3701171875,5211.490234375,3703250000.0,1712188799999,0,0,0,0,0
1712188800000,5244.0498046875,5256.58984375,5146.06005859375,5147.2099609375,4075680000.0,1712275199999,0,0,0,0,0
1712275200000,5158.9501953125,5222.18017578125,5157.2099609375,5204.33984375,3386780000.0,1712361599999,0,0,0,0,0
1712534400000,5211.3701171875,5219.56982421875,5197.35009765625,5202.39013671875,3278180000.0,1712620799999,0,0,0,0,0
1712620800000,5217.02978515625,5224.81005859375,5160.77978515625,5209.91015625,3400680000.0,1712707199999,0,0,0,0,0
1712707200000,5167.8798828125,5178.43017578125,5138.7001953125,5160.64013671875,3845930000.0,1712793599999,0,0,0,0,0
1712793600000,5172.9501953125,5211.77978515625,5138.77001953125,5199.06005859375,3509380000.0,1712879999999,0,0,0,0,0
1712880000000,5171.509765625,5175.02978515625,5107.93994140625,5123.41015625,3963220000.0,1712966399999,0,0,0,0,0
1713139200000,5149.669921875,5168.43017578125,5052.47021484375,5061.81982421875,3950210000.0,1713225599999,0,0,0,0,0
1713225600000,5064.58984375,5079.83984375,5039.830078125,5051.41015625,4006200000.0,1713311999999,0,0,0,0,0
1713312000000,5068.97021484375,5077.9599609375,5007.25,5022.2099609375,3596130000.0,1713398399999,0,0,0,0,0
1713398400000,5031.52001953125,5056.66015625,5001.89013671875,5011.1201171875,3619760000.0,1713484799999,0,0,0,0,0
1713484800000,5005.43994140625,5019.02001953125,4953.56005859375,4967.22998046875,3878750000.0,1713571199999,0,0,0,0,0
1713744000000,4987.330078125,5038.83984375,4969.39990234375,5010.60009765625,3820250000.0,1713830399999,0,0,0,0,0
1713830400000,5028.85009765625,5076.1201171875,5027.9599609375,5070.5498046875,3751400000.0,1713916799999,0,0,0,0,0
1713916800000,5084.85986328125,5089.47998046875,5047.02001953125,5071.6298828125,3656740000.0,1714003199999,0,0,0,0,0
1714003200000,5019.8798828125,5057.75,4990.580078125,5048.419921875,3958050000.0,1714089599999,0,0,0,0,0
1714089600000,5084.64990234375,5114.6201171875,5073.14013671875,5099.9599609375,3604140000.0,1714175999999,0,0,0,0,0
1714348800000,5114.1298828125,5123.490234375,5088.64990234375,5116.169921875,3447450000.0,1714435199999,0,0,0,0,0
1714435200000,5103.77978515625,5110.830078125,5035.31005859375,5035.68994140625,4082470000.0,1714521599999,0,0,0,0,0
1714521600000,5029.02978515625,5096.1201171875,5013.4501953125,5018.39013671875,4544170000.0,1714607999999,0,0,0,0,0
1714608000000,5049.31982421875,5073.2099609375,5011.0498046875,5064.2001953125,4381660000.0,1714694399999,0,0,0,0,0
1714694400000,5122.77978515625,5139.1201171875,5101.22021484375,5127.7900390625,3924990000.0,1714780799999,0,0,0,0,0
1714953600000,5142.419921875,5181.0,5142.419921875,5180.740234375,3683250000.0,1715039999999,0,0,0,0,0
1715040000000,5187.2001953125,5200.22998046875,5178.9599609375,5187.7001953125,3987890000.0,1715126399999,0,0,0,0,0
1715126400000,5168.97998046875,5191.9501953125,5165.85986328125,5187.669921875,3842100000.0,1715212799999,0,0,0,0,0
1715212800000,5189.02978515625,5215.2998046875,5180.41015625,5214.080078125,3727370000.0,1715299199999,0,0,0,0,0
1715299200000,5225.490234375,5239.66015625,5209.68017578125,5222.68017578125,3617900000.0,1715385599999,0,0,0,0,0
1715558400000,5233.080078125,5237.259765625,5211.16015625,5221.419921875,4255710000.0,1715644799999,0,0,0,0,0
1715644800000,5221.10009765625,5250.3701171875,5217.97998046875,5246.68017578125,4763580000.0,1715731199999,0,0,0,0,0
1715731200000,5263.259765625,5311.759765625,5263.259765625,5308.14990234375,4360810000.0,1715817599999,0,0,0,0,0
1715817600000,5310.06982421875,5325.490234375,5296.18994140625,5297.10009765625,3817470000.0,1715903999999,0,0,0,0,0
1715904000000,5303.10009765625,5305.4501953125,5283.58984375,5303.27001953125,3578120000.0,1715990399999,0,0,0,0,0
1716163200000,5305.35009765625,5325.31982421875,5302.39990234375,5308.1298828125,3420100000.0,1716249599999,0,0,0,0,0
1716249600000,5298.68994140625,5324.31982421875,5297.8701171875,5321.41015625,3662240000.0,1716335999999,0,0,0,0,0
1716336000000,5319.27978515625,5323.18017578125,5286.009765625,5307.009765625,3847130000.0,1716422399999,0,0,0,0,0
1716422400000,5340.259765625,5341.8798828125,5256.93017578125,5267.83984375,3869520000.0,1716508799999,0,0,0,0,0
1716508800000,5281.4501953125,5311.64990234375,5278.39013671875,5304.72021484375,3005510000.0,1716595199999,0,0,0,0,0
1716854400000,5315.91015625,5315.91015625,5280.89013671875,5306.0400390625,3751540000.0,1716940799999,0,0,0,0,0
1716940800000,5278.72998046875,5282.27001953125,5262.7001953125,5266.9501953125,3552750000.0,1717027199999,0,0,0,0,0
1717027200000,5259.77001953125,5260.2099609375,5222.10009765625,5235.47998046875,3818750000.0,1717113599999,0,0,0,0,0
1717113600000,5243.2099609375,5280.330078125,5191.68017578125,5277.509765625,5437160000.0,1717199999999,0,0,0,0,0
1717372800000,5297.14990234375,5302.10986328125,5234.31982421875,5283.39990234375,4046920000.0,1717459199999,0,0,0,0,0
1717459200000,5278.240234375,5298.7998046875,5257.6298828125,5291.33984375,3707900000.0,1717545599999,0,0,0,0,0
1717545600000,5314.47998046875,5354.16015625,5297.64013671875,5354.02978515625,3591460000.0,1717631999999,0,0,0,0,0
1717632000000,5357.7998046875,5362.35009765625,5335.35986328125,5352.9599609375,3609990000.0,1717718399999,0,0,0,0,0
1717718400000,5343.81005859375,5375.080078125,5331.330078125,5346.990234375,3692760000.0,1717804799999,0,0,0,0,0
1717977600000,5341.22021484375,5365.7900390625,5331.52001953125,5360.7900390625,3622280000.0,1718063999999,0,0,0,0,0
1718064000000,5353.0,5375.9501953125,5327.25,5375.31982421875,3568030000.0,1718150399999,0,0,0,0,0
1718150400000,5409.1298828125,5447.25,5409.1298828125,5421.02978515625,3962840000.0,1718236799999,0,0,0,0,0
1718236800000,5441.93017578125,5441.93017578125,5402.509765625,5433.740234375,3530380000.0,1718323199999,0,0,0,0,0
1718323200000,5424.080078125,5432.39013671875,5403.75,5431.60009765625,3438650000.0,1718409599999,0,0,0,0,0
1718582400000,5431.10986328125,5488.5,5420.39990234375,5473.22998046875,3447840000.0,1718668799999,0,0,0,0,0
1718668800000,5476.14990234375,5490.3798828125,5471.31982421875,5487.02978515625,3544330000.0,1718755199999,0,0,0,0,0
1718841600000,5499.990234375,5505.52978515625,5455.56005859375,5473.169921875,3847060000.0,1718927999999,0,0,0,0,0
1718928000000,5466.77001953125,5478.31005859375,5452.02978515625,5464.6201171875,6773800000.0,1719014399999,0,0,0,0,0
1719187200000,5459.580078125,5490.66015625,5447.58984375,5447.8701171875,3696750000.0,1719273599999,0,0,0,0,0
1719273600000,5460.72998046875,5472.8798828125,5446.56005859375,5469.2998046875,3591960000.0,1719359999999,0,0,0,0,0
1719360000000,5460.7099609375,5483.14013671875,5451.8701171875,5477.89990234375,3563920000.0,1719446399999,0,0,0,0,0
1719446400000,5473.58984375,5490.81005859375,5467.5400390625,5482.8701171875,3589530000.0,1719532799999,0,0,0,0,0
1719532800000,5488.47998046875,5523.64013671875,5451.1201171875,5460.47998046875,7199220000.0,1719619199999,0,0,0,0,0
1719792000000,5471.080078125,5479.5498046875,5446.52978515625,5475.08984375,3488760000.0,1719878399999,0,0,0,0,0
1719878400000,5461.83984375,5509.68994140625,5458.43017578125,5509.009765625,3329950000.0,1719964799999,0,0,0,0,0
1719964800000,5507.43994140625,5539.27001953125,5507.419921875,5537.02001953125,2179470000.0,1720051199999,0,0,0,0,0
1720137600000,5537.91015625,5570.330078125,5531.6298828125,5567.18994140625,3253080000.0,1720223999999,0,0,0,0,0
1720396800000,5572.75,5583.10986328125,5562.509765625,5572.85009765625,3185670000.0,1720483199999,0,0,0,0,0
1720483200000,5584.240234375,5590.75,5574.56982421875,5576.97998046875,3232920000.0,1720569599999,0,0,0,0,0
1720569600000,5591.259765625,5635.39013671875,5586.43994140625,5633.91015625,3336100000.0,1720655999999,0,0,0,0,0
1720656000000,5635.2099609375,5642.4501953125,5576.52978515625,5584.5400390625,4020950000.0,1720742399999,0,0,0,0,0
1720742400000,5590.759765625,5655.56005859375,5590.43994140625,5615.35009765625,3700280000.0,1720828799999,0,0,0,0,0
1721001600000,5638.16015625,5666.93994140625,5614.75,5631.22021484375,3620470000.0,1721087999999,0,0,0,0,0
1721088000000,5644.08984375,5669.669921875,5639.02001953125,5667.2001953125,4041760000.0,1721174399999,0,0,0,0,0
1721174400000,5610.06982421875,5622.490234375,5584.81005859375,5588.27001953125,4246450000.0,1721260799999,0,0,0,0,0
1721260800000,5608.56005859375,5614.0498046875,5522.81005859375,5544.58984375,4007510000.0,1721347199999,0,0,0,0,0
1721347200000,5543.3701171875,5557.5,5497.0400390625,5505.0,3760570000.0,1721433599999,0,0,0,0,0
1721606400000,5544.5400390625,5570.35986328125,5529.0400390625,5564.41015625,3375180000.0,1721692799999,0,0,0,0,0
1721692800000,5565.2998046875,5585.33984375,5550.89990234375,5555.740234375,3500210000.0,1721779199999,0,0,0,0,0
1721779200000,5505.83984375,5508.0400390625,5419.97998046875,5427.1298828125,3945550000.0,1721865599999,0,0,0,0,0
1721865600000,5428.7001953125,5491.58984375,5390.9501953125,5399.22021484375,4592120000.0,1721951999999,0,0,0,0,0
1721952000000,5433.669921875,5488.31982421875,5430.7001953125,5459.10009765625,3638770000.0,1722038399999,0,0,0,0,0
1722211200000,5476.5498046875,5487.740234375,5444.43994140625,5463.5400390625,3379970000.0,1722297599999,0,0,0,0,0
1722297600000,5478.72998046875,5489.4599609375,5401.7001953125,5436.43994140625,3777740000.0,1722383999999,0,0,0,0,0
1722384000000,5505.58984375,5551.509765625,5493.75,5522.2998046875,4546910000.0,1722470399999,0,0,0,0,0
1722470400000,5537.83984375,5566.16015625,5410.419921875,5446.68017578125,4703620000.0,1722556799999,0,0,0,0,0
1722556800000,5376.6298828125,5383.89013671875,5302.02978515625,5346.56005859375,5156450000.0,1722643199999,0,0,0,0,0
1722816000000,5151.14013671875,5250.89013671875,5119.259765625,5186.330078125,5333250000.0,1722902399999,0,0,0,0,0
1722902400000,5206.419921875,5312.33984375,5193.56005859375,5240.02978515625,4690190000.0,1722988799999,0,0,0,0,0
1722988800000,5293.1298828125,5330.64013671875,5195.5400390625,5199.5,4558260000.0,1723075199999,0,0,0,0,0
1723075200000,5252.56982421875,5328.02978515625,5233.85009765625,5319.31005859375,4016830000.0,1723161599999,0,0,0,0,0
1723161600000,5314.66015625,5358.669921875,5300.83984375,5344.16015625,3516400000.0,1723247999999,0,0,0,0,0
1723420800000,5351.8798828125,5371.2001953125,5324.3701171875,5344.39013671875,3360160000.0,1723507199999,0,0,0,0,0
1723507200000,5376.97998046875,5436.5,5376.97998046875,5434.43017578125,3648980000.0,1723593599999,0,0,0,0,0
1723593600000,5442.35986328125,5463.22021484375,5415.91015625,5455.2099609375,3380050000.0,1723679999999,0,0,0,0,0
1723680000000,5501.1298828125,5546.22998046875,5501.1298828125,5543.22021484375,3723310000.0,1723766399999,0,0,0,0,0
1723766400000,5530.5,5561.97998046875,5525.169921875,5554.25,3357690000.0,1723852799999,0,0,0,0,0
1724025600000,5557.22998046875,5608.2998046875,5550.740234375,5608.25,3222050000.0,1724111999999,0,0,0,0,0
1724112000000,5602.8798828125,5620.509765625,5585.5,5597.1201171875,2994420000.0,1724198399999,0,0,0,0,0
1724198400000,5603.08984375,5632.68017578125,5591.56982421875,5620.85009765625,3119670000.0,1724284799999,0,0,0,0,0
1724284800000,5637.77001953125,5643.22021484375,5560.9501953125,5570.64013671875,2981530000.0,1724371199999,0,0,0,0,0
1724371200000,5602.490234375,5641.81982421875,5585.16015625,5634.60986328125,3291940000.0,1724457599999,0,0,0,0,0
1724630400000,5639.66015625,5651.6201171875,5602.33984375,5616.83984375,2938570000.0,1724716799999,0,0,0,0,0
1724716800000,5602.89013671875,5631.18017578125,5593.47998046875,5625.7998046875,2798990000.0,1724803199999,0,0,0,0,0
1724803200000,5624.509765625,5627.02978515625,5560.9501953125,5592.18017578125,3053450000.0,1724889599999,0,0,0,0,0
1724889600000,5607.2998046875,5646.9501953125,5583.7099609375,5591.9599609375,3065640000.0,1724975999999,0,0,0,0,0
1724976000000,5612.740234375,5651.3701171875,5581.7900390625,5648.39990234375,4185850000.0,1725062399999,0,0,0,0,0
1725321600000,5623.89013671875,5623.89013671875,5504.330078125,5528.93017578125,3866350000.0,1725407999999,0,0,0,0,0
1725408000000,5506.68017578125,5552.990234375,5503.66015625,5520.06982421875,3478140000.0,1725494399999,0,0,0,0,0
1725494400000,5520.080078125,5546.2998046875,5480.5400390625,5503.41015625,3521650000.0,1725580799999,0,0,0,0,0
1725580800000,5507.330078125,5522.47021484375,5402.6201171875,5408.419921875,3822800000.0,1725667199999,0,0,0,0,0
1725840000000,5442.06982421875,5484.2001953125,5434.490234375,5471.0498046875,3825940000.0,1725926399999,0,0,0,0,0
1725926400000,5490.509765625,5497.91015625,5441.72021484375,5495.52001953125,3848180000.0,1726012799999,0,0,0,0,0
1726012800000,5496.419921875,5560.41015625,5406.9599609375,5554.1298828125,3839450000.0,1726099199999,0,0,0,0,0
1726099200000,5557.47998046875,5600.7099609375,5535.5,5595.759765625,3655070000.0,1726185599999,0,0,0,0,0
1726185600000,5603.33984375,5636.27001953125,5601.64990234375,5626.02001953125,3500790000.0,1726271999999,0,0,0,0,0
1726444800000,5615.2099609375,5636.0498046875,5604.52978515625,5633.08984375,3437070000.0,1726531199999,0,0,0,0,0
1726531200000,5655.509765625,5670.81005859375,5614.0498046875,5634.580078125,3443600000.0,1726617599999,0,0,0,0,0
1726617600000,5641.68017578125,5689.75,5615.080078125,5618.259765625,3691390000.0,1726703999999,0,0,0,0,0
1726704000000,5702.6298828125,5733.56982421875,5686.419921875,5713.64013671875,4024530000.0,1726790399999,0,0,0,0,0
1726790400000,5709.64013671875,5715.14013671875,5674.490234375,5702.5498046875,7867260000.0,1726876799999,0,0,0,0,0
1727049600000,5711.89990234375,5725.35986328125,5704.22021484375,5718.56982421875,3529550000.0,1727135999999,0,0,0,0,0
1727136000000,5727.66015625,5735.31982421875,5698.990234375,5732.93017578125,3872710000.0,1727222399999,0,0,0,0,0
1727222400000,5733.64990234375,5741.02978515625,5712.06005859375,5722.259765625,3624910000.0,1727308799999,0,0,0,0,0
1727308800000,5762.22021484375,5767.3701171875,5721.009765625,5745.3701171875,4391180000.0,1727395199999,0,0,0,0,0
1727395200000,5755.35986328125,5763.77978515625,5727.33984375,5738.169921875,3898530000.0,1727481599999,0,0,0,0,0
1727654400000,5726.52001953125,5765.14013671875,5703.52978515625,5762.47998046875,4425730000.0,1727740799999,0,0,0,0,0
1727740800000,5757.72998046875,5757.72998046875,5681.27978515625,5708.75,4025180000.0,1727827199999,0,0,0,0,0
1727827200000,5698.14013671875,5719.6298828125,5674.0,5709.5400390625,3829050000.0,1727913599999,0,0,0,0,0
1727913600000,5698.18994140625,5718.77978515625,5677.3701171875,5699.93994140625,3597450000.0,1727999999999,0,0,0,0,0
1728000000000,5737.47998046875,5753.2099609375,5702.830078125,5751.06982421875,3479400000.0,1728086399999,0,0,0,0,0
1728259200000,5737.7998046875,5739.33984375,5686.85009765625,5695.93994140625,3637790000.0,1728345599999,0,0,0,0,0
1728345600000,5719.14013671875,5757.60009765625,5714.56005859375,5751.1298828125,3393400000.0,1728431999999,0,0,0,0,0
1728432000000,5751.7998046875,5796.7998046875,5745.02001953125,5792.0400390625,3650340000.0,1728518399999,0,0,0,0,0
1728518400000,5778.35986328125,5795.02978515625,5764.759765625,5780.0498046875,3208790000.0,1728604799999,0,0,0,0,0
1728604800000,5775.08984375,5822.1298828125,5775.08984375,5815.02978515625,3208720000.0,1728691199999,0,0,0,0,0
1728864000000,5829.81005859375,5871.41015625,5829.56982421875,5859.85009765625,3005250000.0,1728950399999,0,0,0,0,0
1728950400000,5866.740234375,5870.35986328125,5804.47998046875,5815.259765625,3882120000.0,1729036799999,0,0,0,0,0
1729036800000,5816.580078125,5846.52001953125,5808.33984375,5842.47021484375,3467230000.0,1729123199999,0,0,0,0,0
1729123200000,5875.6201171875,5878.4599609375,5840.25,5841.47021484375,3480010000.0,1729209599999,0,0,0,0,0
1729209600000,5859.43017578125,5872.169921875,5846.10986328125,5864.669921875,3374490000.0,1729295999999,0,0,0,0,0
1729468800000,5857.81982421875,5866.919921875,5824.7900390625,5853.97998046875,3407010000.0,1729555199999,0,0,0,0,0
1729555200000,5832.7001953125,5863.0400390625,5821.169921875,5851.2001953125,3342080000.0,1729641599999,0,0,0,0,0
1729641600000,5834.5,5834.85009765625,5762.41015625,5797.419921875,3532650000.0,1729727999999,0,0,0,0,0
1729728000000,5817.7998046875,5817.7998046875,5784.919921875,5809.85986328125,3543030000.0,1729814399999,0,0,0,0,0
1729814400000,5826.75,5862.81982421875,5799.97998046875,5808.1201171875,3501280000.0,1729900799999,0,0,0,0,0
1730073600000,5833.93017578125,5842.919921875,5823.080078125,5823.52001953125,3691280000.0,1730159999999,0,0,0,0,0
1730160000000,5819.68017578125,5847.18994140625,5802.169921875,5832.919921875,3879100000.0,1730246399999,0,0,0,0,0
1730246400000,5832.64990234375,5850.93994140625,5811.27978515625,5813.669921875,3851120000.0,1730332799999,0,0,0,0,0
1730332800000,5775.33984375,5775.33984375,5702.85986328125,5705.4501953125,4425660000.0,1730419199999,0,0,0,0,0
1730419200000,5723.22021484375,5772.52001953125,5723.22021484375,5728.7998046875,3796450000.0,1730505599999,0,0,0,0,0
1730678400000,5725.14990234375,5741.43017578125,5696.509765625,5712.68994140625,3602060000.0,1730764799999,0,0,0,0,0
1730764800000,5722.43017578125,5783.43994140625,5722.10009765625,5782.759765625,3768310000.0,1730851199999,0,0,0,0,0
1730851200000,5864.89013671875,5936.14013671875,5864.89013671875,5929.0400390625,6329530000.0,1730937599999,0,0,0,0,0
1730937600000,5947.2099609375,5983.83984375,5947.2099609375,5973.10009765625,4925740000.0,1731023999999,0,0,0,0,0
1731024000000,5976.759765625,6012.4501953125,5976.759765625,5995.5400390625,4666740000.0,1731110399999,0,0,0,0,0
1731283200000,6008.85986328125,6017.31005859375,5986.68994140625,6001.35009765625,4333000000.0,1731369599999,0,0,0,0,0
1731369600000,6003.60009765625,6009.919921875,5960.080078125,5983.990234375,4243400000.0,1731455999999,0,0,0,0,0
1731456000000,5985.75,6008.18994140625,5965.91015625,5985.3798828125,4220180000.0,1731542399999,0,0,0,0,0
1731542400000,5989.68017578125,5993.8798828125,5942.27978515625,5949.169921875,4184570000.0,1731628799999,0,0,0,0,0
1731628800000,5912.7900390625,5915.31982421875,5853.009765625,5870.6201171875,4590960000.0,1731715199999,0,0,0,0,0
1731888000000,5874.169921875,5908.1201171875,5865.9501953125,5893.6201171875,3983860000.0,1731974399999,0,0,0,0,0
1731974400000,5870.0498046875,5923.509765625,5855.2900390625,5916.97998046875,4036940000.0,1732060799999,0,0,0,0,0
1732060800000,5914.33984375,5920.669921875,5860.56005859375,5917.10986328125,3772620000.0,1732147199999,0,0,0,0,0
1732147200000,5940.580078125,5963.31982421875,5887.259765625,5948.7099609375,4230120000.0,1732233599999,0,0,0,0,0
1732233600000,5944.35986328125,5972.89990234375,5944.35986328125,5969.33984375,4141420000.0,1732319999999,0,0,0,0,0
1732492800000,5992.27978515625,6020.75,5963.91015625,5987.3701171875,5633150000.0,1732579199999,0,0,0,0,0
1732579200000,6000.02978515625,6025.419921875,5992.27001953125,6021.6298828125,3835170000.0,1732665599999,0,0,0,0,0
1732665600000,6014.10986328125,6020.16015625,5984.8701171875,5998.740234375,3363340000.0,1732751999999,0,0,0,0,0
1732838400000,6003.97998046875,6044.169921875,6003.97998046875,6032.3798828125,2444420000.0,1732924799999,0,0,0,0,0
1733097600000,6040.10986328125,6053.580078125,6035.330078125,6047.14990234375,4412470000.0,1733183999999,0,0,0,0,0
1733184000000,6042.97021484375,6052.06982421875,6033.39013671875,6049.8798828125,4095000000.0,1733270399999,0,0,0,0,0
1733270400000,6069.39013671875,6089.83984375,6061.06005859375,6086.490234375,4003390000.0,1733356799999,0,0,0,0,0
1733356800000,6089.02978515625,6094.5498046875,6072.89990234375,6075.10986328125,4212020000.0,1733443199999,0,0,0,0,0
1733443200000,6081.3798828125,6099.97021484375,6079.97998046875,6090.27001953125,3924830000.0,1733529599999,0,0,0,0,0
1733702400000,6083.009765625,6088.509765625,6048.6298828125,6052.85009765625,4556460000.0,1733788799999,0,0,0,0,0
1733788800000,6057.58984375,6065.39990234375,6029.89013671875,6034.91015625,4048410000.0,1733875199999,0,0,0,0,0
1733875200000,6060.14990234375,6092.58984375,6060.14990234375,6084.18994140625,4269950000.0,1733961599999,0,0,0,0,0
1733961600000,6074.2900390625,6079.68017578125,6051.25,6051.25,3678010000.0,1734047999999,0,0,0,0,0
1734048000000,6068.169921875,6078.580078125,6035.77001953125,6051.08984375,3584960000.0,1734134399999,0,0,0,0,0
1734307200000,6063.7900390625,6085.18994140625,6059.14013671875,6074.080078125,4391100000.0,1734393599999,0,0,0,0,0
1734393600000,6052.5498046875,6057.68017578125,6035.18994140625,6050.60986328125,4544500000.0,1734479999999,0,0,0,0,0
1734480000000,6047.64990234375,6070.669921875,5867.7900390625,5872.16015625,5246960000.0,1734566399999,0,0,0,0,0
1734566400000,5912.7099609375,5935.52001953125,5866.06982421875,5867.080078125,4896880000.0,1734652799999,0,0,0,0,0
1734652800000,5842.0,5982.06005859375,5832.2998046875,5930.85009765625,8223220000.0,1734739199999,0,0,0,0,0
1734912000000,5940.25,5978.25,5902.56982421875,5974.06982421875,3593280000.0,1734998399999,0,0,0,0,0
1734998400000,5984.6298828125,6040.10009765625,5981.43994140625,6040.0400390625,1757720000.0,1735084799999,0,0,0,0,0
1735171200000,6024.97021484375,6049.75,6007.3701171875,6037.58984375,2904530000.0,1735257599999,0,0,0,0,0
1735257600000,6006.169921875,6006.169921875,5932.9501953125,5970.83984375,3159610000.0,1735343999999,0,0,0,0,0
1735516800000,5920.669921875,5940.7900390625,5869.16015625,5906.93994140625,3433250000.0,1735603199999,0,0,0,0,0
1735603200000,5919.740234375,5929.740234375,5868.85986328125,5881.6298828125,3128350000.0,1735689599999,0,0,0,0,0
1735776000000,5903.259765625,5935.08984375,5829.52978515625,5868.5498046875,3621680000.0,1735862399999,0,0,0,0,0
1735862400000,5891.06982421875,5949.33984375,5888.66015625,5942.47021484375,3667340000.0,1735948799999,0,0,0,0,0
1736121600000,5982.81005859375,6021.0400390625,5960.009765625,5975.3798828125,4940120000.0,1736207999999,0,0,0,0,0
1736208000000,5993.259765625,6000.68017578125,5890.68017578125,5909.02978515625,4517330000.0,1736294399999,0,0,0,0,0
1736294400000,5910.66015625,5927.89013671875,5874.77978515625,5918.25,4441740000.0,1736380799999,0,0,0,0,0
1736467200000,5890.35009765625,5890.35009765625,5807.77978515625,5827.0400390625,4751930000.0,1736553599999,0,0,0,0,0
1736726400000,5782.02001953125,5838.60986328125,5773.31005859375,5836.22021484375,4421200000.0,1736812799999,0,0,0,0,0
1736812800000,5859.27001953125,5871.919921875,5805.419921875,5842.91015625,4142280000.0,1736899199999,0,0,0,0,0
1736899200000,5905.2099609375,5960.60986328125,5905.2099609375,5949.91015625,4544570000.0,1736985599999,0,0,0,0,0
1736985600000,5963.60986328125,5964.68994140625,5930.72021484375,5937.33984375,4285810000.0,1737071999999,0,0,0,0,0
1737072000000,5995.39990234375,6014.9599609375,5978.43994140625,5996.66015625,4366830000.0,1737158399999,0,0,0,0,0
1737417600000,6014.1201171875,6051.509765625,6006.8798828125,6049.240234375,4702920000.0,1737503999999,0,0,0,0,0
1737504000000,6081.39013671875,6100.81005859375,6076.1298828125,6086.3701171875,4323040000.0,1737590399999,0,0,0,0,0
1737590400000,6076.31982421875,6118.72998046875,6074.669921875,6118.7099609375,4432250000.0,1737676799999,0,0,0,0,0
1737676800000,6121.43017578125,6128.18017578125,6088.740234375,6101.240234375,4214250000.0,1737763199999,0,0,0,0,0
1737936000000,5969.0400390625,6017.169921875,5962.919921875,6012.27978515625,5198750000.0,1738022399999,0,0,0,0,0
1738022400000,6026.97021484375,6074.5400390625,5994.6298828125,6067.7001953125,4473640000.0,1738108799999,0,0,0,0,0
1738108800000,6057.7001953125,6062.830078125,6012.9599609375,6039.31005859375,4115310000.0,1738195199999,0,0,0,0,0
1738195200000,6050.75,6086.64013671875,6027.4599609375,6071.169921875,4634620000.0,1738281599999,0,0,0,0,0
1738281600000,6096.7900390625,6120.91015625,6030.93017578125,6040.52978515625,4843770000.0,1738367999999,0,0,0,0,0
1738540800000,5969.64990234375,6022.1298828125,5923.93017578125,5994.56982421875,4797210000.0,1738627199999,0,0,0,0,0
1738627200000,5998.14013671875,6042.47998046875,5990.8701171875,6037.8798828125,4410160000.0,1738713599999,0,0,0,0,0
1738713600000,6020.4501953125,6062.85986328125,6007.06005859375,6061.47998046875,4756250000.0,1738799999999,0,0,0,0,0
1738800000000,6072.22021484375,6084.02978515625,6046.830078125,6083.56982421875,4847120000.0,1738886399999,0,0,0,0,0
1738886400000,6083.1298828125,6101.27978515625,6019.9599609375,6025.990234375,4766900000.0,1738972799999,0,0,0,0,0
1739145600000,6046.39990234375,6073.3798828125,6044.83984375,6066.43994140625,4458760000.0,1739231999999,0,0,0,0,0
1739232000000,6049.31982421875,6076.27978515625,6042.33984375,6068.5,4324880000.0,1739318399999,0,0,0,0,0
1739318400000,6025.080078125,6063.0,6003.0,6051.97021484375,4627960000.0,1739404799999,0,0,0,0,0
1739404800000,6060.58984375,6116.91015625,6050.9501953125,6115.06982421875,4763800000.0,1739491199999,0,0,0,0,0
1739491200000,6115.52001953125,6127.47021484375,6107.6201171875,6114.6298828125,4335190000.0,1739577599999,0,0,0,0,0
1739836800000,6121.60009765625,6129.6298828125,6099.509765625,6129.580078125,4684980000.0,1739923199999,0,0,0,0,0
1739923200000,6117.759765625,6147.43017578125,6111.14990234375,6144.14990234375,4562330000.0,1740009599999,0,0,0,0,0
1740009600000,6134.5,6134.5,6084.58984375,6117.52001953125,4813690000.0,1740095999999,0,0,0,0,0
1740096000000,6114.10009765625,6114.81982421875,6008.56005859375,6013.1298828125,5434560000.0,1740182399999,0,0,0,0,0
1740355200000,6026.68994140625,6043.64990234375,5977.830078125,5983.25,4990120000.0,1740441599999,0,0,0,0,0
1740441600000,5982.72998046875,5992.64990234375,5908.490234375,5955.25,5374690000.0,1740527999999,0,0,0,0,0
1740528000000,5970.8701171875,6009.81982421875,5932.68994140625,5956.06005859375,4869580000.0,1740614399999,0,0,0,0,0
1740614400000,5981.8798828125,5993.68994140625,5858.77978515625,5861.56982421875,5057680000.0,1740700799999,0,0,0,0,0
1740700800000,5856.740234375,5959.39990234375,5837.66015625,5954.5,6441140000.0,1740787199999,0,0,0,0,0
1740960000000,5968.330078125,5986.08984375,5810.91015625,5849.72021484375,5613850000.0,1741046399999,0,0,0,0,0
1741046400000,5811.97998046875,5865.080078125,5732.58984375,5778.14990234375,6138110000.0,1741132799999,0,0,0,0,0
1741132800000,5781.35986328125,5860.58984375,5742.35009765625,5842.6298828125,5285970000.0,1741219199999,0,0,0,0,0
1741219200000,5785.8701171875,5812.080078125,5711.64013671875,5738.52001953125,5165080000.0,1741305599999,0,0,0,0,0
1741305600000,5726.009765625,5783.009765625,5666.2900390625,5770.2001953125,5705140000.0,1741391999999,0,0,0,0,0
1741564800000,5705.3701171875,5705.3701171875,5564.02001953125,5614.56005859375,6409370000.0,1741651199999,0,0,0,0,0
1741651200000,5603.64990234375,5636.2998046875,5528.41015625,5572.06982421875,6221240000.0,1741737599999,0,0,0,0,0
1741737600000,5624.83984375,5642.18994140625,5546.08984375,5599.2998046875,5219830000.0,1741823999999,0,0,0,0,0
1741824000000,5594.4501953125,5597.77978515625,5504.64990234375,5521.52001953125,5018980000.0,1741910399999,0,0,0,0,0
1741910400000,5563.85009765625,5645.27001953125,5563.85009765625,5638.93994140625,4863180000.0,1741996799999,0,0,0,0,0
1742169600000,5635.60009765625,5703.52001953125,5631.1201171875,5675.1201171875,5031770000.0,1742255999999,0,0,0,0,0
1742256000000,5654.52978515625,5654.52978515625,5597.759765625,5614.66015625,4666270000.0,1742342399999,0,0,0,0,0
1742342400000,5632.3701171875,5715.330078125,5622.2001953125,5675.2900390625,4660090000.0,1742428799999,0,0,0,0,0
1742428800000,5646.919921875,5711.14990234375,5632.330078125,5662.89013671875,4678420000.0,1742515199999,0,0,0,0,0
1742515200000,5630.72998046875,5670.83984375,5603.10009765625,5667.56005859375,9367460000.0,1742601599999,0,0,0,0,0
1742774400000,5718.080078125,5775.14013671875,5718.080078125,5767.56982421875,4517990000.0,1742860799999,0,0,0,0,0
1742860800000,5775.9599609375,5786.9501953125,5760.419921875,5776.64990234375,4467340000.0,1742947199999,0,0,0,0,0
1742947200000,5771.66015625,5783.6201171875,5694.41015625,5712.2001953125,4183140000.0,1743033599999,0,0,0,0,0
1743033600000,5695.64013671875,5732.27978515625,5670.93994140625,5693.31005859375,4403460000.0,1743119999999,0,0,0,0,0
1743120000000,5679.2001953125,5685.89013671875,5572.419921875,5580.93994140625,4513330000.0,1743206399999,0,0,0,0,0
1743379200000,5527.91015625,5627.56005859375,5488.72998046875,5611.85009765625,5257250000.0,1743465599999,0,0,0,0,0
1743465600000,5597.52978515625,5650.56982421875,5558.52001953125,5633.06982421875,4434500000.0,1743551999999,0,0,0,0,0
1743552000000,5580.759765625,5695.31005859375,5571.47998046875,5670.97021484375,4243830000.0,1743638399999,0,0,0,0,0
1743638400000,5492.740234375,5499.52978515625,5390.830078125,5396.52001953125,7210470000.0,1743724799999,0,0,0,0,0
1743724800000,5292.14013671875,5292.14013671875,5069.89990234375,5074.080078125,8853500000.0,1743811199999,0,0,0,0,0
1743984000000,4953.7900390625,5246.56982421875,4835.0400390625,5062.25,8691980000.0,1744070399999,0,0,0,0,0
1744070400000,5193.56982421875,5267.47021484375,4910.419921875,4982.77001953125,7408140000.0,1744156799999,0,0,0,0,0
1744156800000,4965.27978515625,5481.33984375,4948.43017578125,5456.89990234375,9489600000.0,1744243199999,0,0,0,0,0
1744243200000,5353.14990234375,5353.14990234375,5115.27001953125,5268.0498046875,6677140000.0,1744329599999,0,0,0,0,0
1744329600000,5255.56005859375,5381.4599609375,5220.77001953125,5363.35986328125,5602550000.0,1744415999999,0,0,0,0,0
1744588800000,5441.9599609375,5459.4599609375,5358.02001953125,5405.97021484375,5031440000.0,1744675199999,0,0,0,0,0
1744675200000,5411.990234375,5450.41015625,5386.43994140625,5396.6298828125,4317110000.0,1744761599999,0,0,0,0,0
1744761600000,5335.75,5367.240234375,5220.7900390625,5275.7001953125,4607750000.0,1744847999999,0,0,0,0,0
1744848000000,5305.4501953125,5328.31005859375,5255.580078125,5282.7001953125,4714880000.0,1744934399999,0,0,0,0,0
1745193600000,5232.93994140625,5232.93994140625,5101.6298828125,5158.2001953125,4226340000.0,1745279999999,0,0,0,0,0
1745280000000,5207.669921875,5309.60986328125,5207.669921875,5287.759765625,4666950000.0,1745366399999,0,0,0,0,0
1745366400000,5395.919921875,5469.68994140625,5356.169921875,5375.85986328125,5371390000.0,1745452799999,0,0,0,0,0
1745452800000,5381.3798828125,5489.39990234375,5371.9599609375,5484.77001953125,4697710000.0,1745539199999,0,0,0,0,0
1745539200000,5489.72998046875,5528.10986328125,5455.85986328125,5525.2099609375,4236580000.0,1745625599999,0,0,0,0,0
1745798400000,5529.22021484375,5553.66015625,5468.64013671875,5528.75,4257880000.0,1745884799999,0,0,0,0,0
1745884800000,5508.8701171875,5571.9501953125,5505.7001953125,5560.830078125,4747150000.0,1745971199999,0,0,0,0,0
1745971200000,5499.43994140625,5581.83984375,5433.240234375,5569.06005859375,5449490000.0,1746057599999,0,0,0,0,0
1746057600000,5625.14013671875,5658.91015625,5597.35009765625,5604.14013671875,4935270000.0,1746143999999,0,0,0,0,0
1746144000000,5645.8798828125,5700.7001953125,5642.27978515625,5686.669921875,4854380000.0,1746230399999,0,0,0,0,0
1746403200000,5655.31982421875,5683.3798828125,5634.47998046875,5650.3798828125,4358260000.0,1746489599999,0,0,0,0,0
1746489600000,5605.8701171875,5649.580078125,5586.0400390625,5606.91015625,4717260000.0,1746575999999,0,0,0,0,0
1746576000000,5614.18017578125,5654.72998046875,5578.64013671875,5631.27978515625,4987440000.0,1746662399999,0,0,0,0,0
1746662400000,5663.60009765625,5720.10009765625,5635.3798828125,5663.93994140625,5627400000.0,1746748799999,0,0,0,0,0
1746748800000,5679.64990234375,5691.68994140625,5644.14990234375,5659.91015625,4645090000.0,1746835199999,0,0,0,0,0
1747008000000,5807.2001953125,5845.3701171875,5786.080078125,5844.18994140625,6014580000.0,1747094399999,0,0,0,0,0
1747094400000,5854.14990234375,5906.64013671875,5845.02001953125,5886.5498046875,5516290000.0,1747180799999,0,0,0,0,0
1747180800000,5896.740234375,5906.5498046875,5872.10986328125,5892.580078125,5233450000.0,1747267199999,0,0,0,0,0
1747267200000,5869.81982421875,5924.2099609375,5865.16015625,5916.93017578125,4991290000.0,1747353599999,0,0,0,0,0
1747353600000,5929.08984375,5958.6201171875,5907.35986328125,5958.3798828125,4850850000.0,1747439999999,0,0,0,0,0
1747612800000,5902.8798828125,5968.60986328125,5895.68994140625,5963.60009765625,4144010000.0,1747699199999,0,0,0,0,0
1747699200000,5944.66015625,5953.06005859375,5909.259765625,5940.4599609375,4416850000.0,1747785599999,0,0,0,0,0
1747785600000,5910.18017578125,5938.3701171875,5830.91015625,5844.60986328125,5254250000.0,1747871999999,0,0,0,0,0
1747872000000,5841.259765625,5878.080078125,5825.81982421875,5842.009765625,5157050000.0,1747958399999,0,0,0,0,0
1747958400000,5781.89013671875,5829.509765625,5767.41015625,5802.81982421875,4662820000.0,1748044799999,0,0,0,0,0
1748304000000,5854.06982421875,5924.330078125,5854.06982421875,5921.5400390625,5366380000.0,1748390399999,0,0,0,0,0
1748390400000,5925.5400390625,5939.919921875,5881.8798828125,5888.5498046875,4665050000.0,1748476799999,0,0,0,0,0
1748476800000,5939.9599609375,5943.1298828125,5873.7998046875,5912.169921875,4569750000.0,1748563199999,0,0,0,0,0
1748563200000,5903.669921875,5922.14013671875,5843.66015625,5911.68994140625,6378540000.0,1748649599999,0,0,0,0,0
1748822400000,5896.68017578125,5937.39990234375,5861.43017578125,5935.93994140625,4832240000.0,1748908799999,0,0,0,0,0
1748908800000,5938.56005859375,5981.35009765625,5929.0,5970.3701171875,5026680000.0,1748995199999,0,0,0,0,0
1748995200000,5978.93994140625,5990.47998046875,5966.10986328125,5970.81005859375,4767050000.0,1749081599999,0,0,0,0,0
1749081600000,5985.669921875,5999.7001953125,5921.2001953125,5939.2998046875,5091850000.0,1749167999999,0,0,0,0,0
1749168000000,5987.06005859375,6016.8701171875,5978.6298828125,6000.35986328125,4355710000.0,1749254399999,0,0,0,0,0
1749427200000,6004.6298828125,6021.31005859375,5994.18017578125,6005.8798828125,4642360000.0,1749513599999,0,0,0,0,0
1749513600000,6009.91015625,6043.009765625,6000.27978515625,6038.81005859375,4882880000.0,1749599999999,0,0,0,0,0
1749600000000,6049.3798828125,6059.39990234375,6002.31982421875,6022.240234375,5111550000.0,1749686399999,0,0,0,0,0
1749686400000,6009.89990234375,6045.43017578125,6003.8798828125,6045.259765625,4669500000.0,1749772799999,0,0,0,0,0
1749772800000,6000.56005859375,6026.16015625,5963.2099609375,5976.97021484375,5258910000.0,1749859199999,0,0,0,0,0
1750032000000,6004.0,6050.830078125,6004.0,6033.10986328125,5111710000.0,1750118399999,0,0,0,0,0
1750118400000,6012.14990234375,6023.25,5974.7998046875,5982.72021484375,4955700000.0,1750204799999,0,0,0,0,0
1750204800000,5987.93017578125,6018.25,5971.89013671875,5980.8701171875,5106470000.0,1750291199999,0,0,0,0,0
1750377600000,5999.669921875,6018.2001953125,5952.56005859375,5967.83984375,7451500000.0,1750463999999,0,0,0,0,0
1750636800000,5969.669921875,6028.77001953125,5943.22998046875,6025.169921875,5597000000.0,1750723199999,0,0,0,0,0
1750723200000,6061.2099609375,6101.759765625,6059.25,6092.18017578125,5443690000.0,1750809599999,0,0,0,0,0
1750809600000,6104.22998046875,6108.509765625,6080.08984375,6092.16015625,5171110000.0,1750895999999,0,0,0,0,0
1750896000000,6112.08984375,6146.52001953125,6107.27001953125,6141.02001953125,5308140000.0,1750982399999,0,0,0,0,0
1750982400000,6150.7001953125,6187.68017578125,6132.35009765625,6173.06982421875,7889350000.0,1751068799999,0,0,0,0,0
1751241600000,6193.35986328125,6215.080078125,6174.97021484375,6204.9501953125,5782900000.0,1751327999999,0,0,0,0,0
1751328000000,6187.25,6210.77978515625,6177.97021484375,6198.009765625,6275310000.0,1751414399999,0,0,0,0,0
1751414400000,6193.8798828125,6227.60009765625,6188.2900390625,6227.419921875,5645710000.0,1751500799999,0,0,0,0,0
1751500800000,6246.4599609375,6284.64990234375,6246.4599609375,6279.35009765625,3378110000.0,1751587199999,0,0,0,0,0
1751846400000,6259.0400390625,6262.06982421875,6201.0,6229.97998046875,5236740000.0,1751932799999,0,0,0,0,0
1751932800000,6234.02978515625,6242.7001953125,6217.75,6225.52001953125,5739030000.0,1752019199999,0,0,0,0,0
1752019200000,6243.330078125,6269.16015625,6231.43017578125,6263.259765625,4813340000.0,1752105599999,0,0,0,0,0
1752105600000,6266.7998046875,6290.22021484375,6251.43994140625,6280.4599609375,5367350000.0,1752191999999,0,0,0,0,0
1752192000000,6255.68017578125,6269.43994140625,6237.60009765625,6259.75,4656210000.0,1752278399999,0,0,0,0,0
1752451200000,6255.14990234375,6273.31005859375,6239.22021484375,6268.56005859375,4722250000.0,1752537599999,0,0,0,0,0
1752537600000,6295.2900390625,6302.0400390625,6241.68017578125,6243.759765625,5133670000.0,1752623999999,0,0,0,0,0
1752624000000,6254.5,6268.1201171875,6201.58984375,6263.7001953125,5177460000.0,1752710399999,0,0,0,0,0
1752710400000,6263.39990234375,6304.68994140625,6262.27001953125,6297.35986328125,5512290000.0,1752796799999,0,0,0,0,0
1752796800000,6312.9501953125,6315.60986328125,6285.27001953125,6296.7900390625,5184700000.0,1752883199999,0,0,0,0,0
1753056000000,6304.740234375,6336.080078125,6303.7900390625,6305.60009765625,5010840000.0,1753142399999,0,0,0,0,0
1753142400000,6306.60009765625,6316.1201171875,6281.7099609375,6309.6201171875,5662040000.0,1753228799999,0,0,0,0,0
1753228800000,6326.89990234375,6360.64013671875,6317.490234375,6358.91015625,5642510000.0,1753315199999,0,0,0,0,0
1753315200000,6368.60009765625,6381.31005859375,6360.56982421875,6363.35009765625,5282720000.0,1753401599999,0,0,0,0,0
1753401600000,6370.009765625,6395.81982421875,6368.52978515625,6388.64013671875,4470720000.0,1753487999999,0,0,0,0,0
1753660800000,6397.68994140625,6401.06982421875,6375.7900390625,6389.77001953125,4565620000.0,1753747199999,0,0,0,0,0
1753747200000,6405.6201171875,6409.259765625,6363.919921875,6370.85986328125,5076120000.0,1753833599999,0,0,0,0,0
1753833600000,6381.22998046875,6396.5400390625,6336.3798828125,6362.89990234375,5375070000.0,1753919999999,0,0,0,0,0
1753920000000,6427.02001953125,6427.02001953125,6327.64013671875,6339.39013671875,6077080000.0,1754006399999,0,0,0,0,0
1754006400000,6287.27978515625,6287.27978515625,6212.68994140625,6238.009765625,5827150000.0,1754092799999,0,0,0,0,0
1754265600000,6271.7099609375,6330.68994140625,6271.7099609375,6329.93994140625,4842580000.0,1754351999999,0,0,0,0,0
1754352000000,6336.6298828125,6346.0,6289.3701171875,6299.18994140625,5517410000.0,1754438399999,0,0,0,0,0
1754438400000,6309.2998046875,6352.830078125,6301.10986328125,6345.06005859375,5408560000.0,1754524799999,0,0,0,0,0
1754524800000,6374.31982421875,6389.7099609375,6310.31982421875,6340.0,5306090000.0,1754611199999,0,0,0,0,0
1754611200000,6355.22021484375,6395.16015625,6355.22021484375,6389.4501953125,4769910000.0,1754697599999,0,0,0,0,0
1754870400000,6389.669921875,6407.25,6364.06005859375,6373.4501953125,4652400000.0,1754956799999,0,0,0,0,0
1754956800000,6395.169921875,6446.5498046875,6385.759765625,6445.759765625,5135300000.0,1755043199999,0,0,0,0,0
1755043200000,6462.669921875,6480.27978515625,6445.02001953125,6466.580078125,5195950000.0,1755129599999,0,0,0,0,0
1755129600000,6453.4599609375,6473.919921875,6441.06982421875,6468.5400390625,4462050000.0,1755215999999,0,0,0,0,0
1755216000000,6477.3798828125,6481.33984375,6441.85009765625,6449.7998046875,4575060000.0,1755302399999,0,0,0,0,0
1755475200000,6445.02001953125,6455.35009765625,6437.7001953125,6449.14990234375,4162290000.0,1755561599999,0,0,0,0,0
1755561600000,6446.240234375,6456.47998046875,6400.22021484375,6411.3701171875,4377440000.0,1755647999999,0,0,0,0,0
1755648000000,6406.6201171875,6408.39990234375,6343.85986328125,6395.77978515625,4470390000.0,1755734399999,0,0,0,0,0
1755734400000,6380.830078125,6393.64990234375,6352.7099609375,6370.169921875,4013560000.0,1755820799999,0,0,0,0,0
1755820800000,6384.58984375,6478.89013671875,6384.58984375,6466.91015625,5046860000.0,1755907199999,0,0,0,0,0
1756080000000,6457.669921875,6466.89013671875,6438.06005859375,6439.31982421875,4059070000.0,1756166399999,0,0,0,0,0
1756166400000,6435.490234375,6468.3701171875,6429.2099609375,6465.93994140625,4867680000.0,1756252799999,0,0,0,0,0
1756252800000,6462.259765625,6487.06005859375,6457.83984375,6481.39990234375,4143680000.0,1756339199999,0,0,0,0,0
1756339200000,6483.83984375,6508.22998046875,6466.9599609375,6501.85986328125,4283760000.0,1756425599999,0,0,0,0,0
1756425600000,6489.27978515625,6491.759765625,6444.56982421875,6460.259765625,4234840000.0,1756511999999,0,0,0,0,0
1756771200000,6401.509765625,6416.5400390625,6360.580078125,6415.5400390625,4784000000.0,1756857599999,0,0,0,0,0
1756857600000,6445.81982421875,6453.669921875,6416.169921875,6448.259765625,4465360000.0,1756943999999,0,0,0,0,0
1756944000000,6456.60009765625,6502.5400390625,6445.97998046875,6502.080078125,4670770000.0,1757030399999,0,0,0,0,0
1757030400000,6529.080078125,6532.64990234375,6443.97998046875,6481.5,5066120000.0,1757116799999,0,0,0,0,0
1757289600000,6498.08984375,6508.669921875,6483.2900390625,6495.14990234375,5211500000.0,1757375999999,0,0,0,0,0
1757376000000,6503.330078125,6518.22998046875,6483.080078125,6512.60986328125,4798350000.0,1757462399999,0,0,0,0,0
1757462400000,6550.2900390625,6555.97021484375,6516.33984375,6532.0400390625,5253010000.0,1757548799999,0,0,0,0,0
1757548800000,6554.41015625,6592.89013671875,6545.7998046875,6587.47021484375,5426460000.0,1757635199999,0,0,0,0,0
1757635200000,6590.66015625,6600.2099609375,6579.490234375,6584.2900390625,4641640000.0,1757721599999,0,0,0,0,0
1757894400000,6603.490234375,6619.6201171875,6602.06982421875,6615.27978515625,5045020000.0,1757980799999,0,0,0,0,0
1757980800000,6624.1298828125,6626.990234375,6600.10986328125,6606.759765625,5359510000.0,1758067199999,0,0,0,0,0
1758067200000,6604.8701171875,6624.39013671875,6551.14990234375,6600.35009765625,5805340000.0,1758153599999,0,0,0,0,0
1758153600000,6626.85009765625,6656.7998046875,6611.89013671875,6631.9599609375,5292400000.0,1758239999999,0,0,0,0,0
1758240000000,6647.10986328125,6671.81982421875,6630.31005859375,6664.35986328125,9125960000.0,1758326399999,0,0,0,0,0
1758499200000,6654.27978515625,6698.8798828125,6648.06982421875,6693.75,5642620000.0,1758585599999,0,0,0,0,0
1758585600000,6692.43994140625,6699.52001953125,6645.580078125,6656.919921875,5633620000.0,1758671999999,0,0,0,0,0
1758672000000,6669.7900390625,6672.66015625,6621.759765625,6637.97021484375,5459180000.0,1758758399999,0,0,0,0,0
1758758400000,6608.18994140625,6619.0,6569.22021484375,6604.72021484375,5874670000.0,1758844799999,0,0,0,0,0
1758844800000,6615.3798828125,6648.97021484375,6604.43017578125,6643.7001953125,5103110000.0,1758931199999,0,0,0,0,0
1759104000000,6661.580078125,6677.31005859375,6644.490234375,6661.2099609375,5358760000.0,1759190399999,0,0,0,0,0
1759190400000,6656.18994140625,6691.25,6641.0,6688.4599609375,6057210000.0,1759276799999,0,0,0,0,0
1759276800000,6664.919921875,6718.47998046875,6656.2001953125,6711.2001953125,6037950000.0,1759363199999,0,0,0,0,0
1759363200000,6731.31005859375,6731.93994140625,6693.22998046875,6715.35009765625,5416130000.0,1759449599999,0,0,0,0,0
1759449600000,6722.14013671875,6750.8701171875,6705.669921875,6715.7900390625,5713110000.0,1759535999999,0,0,0,0,0
1759708800000,6733.85986328125,6749.52001953125,6717.77978515625,6740.27978515625,5604460000.0,1759795199999,0,0,0,0,0
1759795200000,6746.14013671875,6754.490234375,6699.9599609375,6714.58984375,5546150000.0,1759881599999,0,0,0,0,0
1759881600000,6723.8701171875,6755.64013671875,6718.08984375,6753.72021484375,5383130000.0,1759967999999,0,0,0,0,0
1759968000000,6760.5,6764.580078125,6716.169921875,6735.10986328125,5385020000.0,1760054399999,0,0,0,0,0
1760054400000,6740.490234375,6762.39990234375,6550.77978515625,6552.509765625,6596610000.0,1760140799999,0,0,0,0,0
1760313600000,6622.52978515625,6668.68017578125,6620.7099609375,6654.72021484375,5303960000.0,1760399999999,0,0,0,0,0
1760400000000,6602.490234375,6680.7001953125,6555.06982421875,6644.31005859375,5666920000.0,1760486399999,0,0,0,0,0
1760486400000,6688.27001953125,6724.1201171875,6612.10986328125,6671.06005859375,5633060000.0,1760572799999,0,0,0,0,0
1760572800000,6689.02001953125,6709.33984375,6593.990234375,6629.06982421875,6048180000.0,1760659199999,0,0,0,0,0
1760659200000,6613.27001953125,6678.8798828125,6603.759765625,6664.009765625,5358120000.0,1760745599999,0,0,0,0,0
1760918400000,6690.0498046875,6744.35009765625,6690.0498046875,6735.1298828125,4672170000.0,1761004799999,0,0,0,0,0
1761004800000,6736.75,6752.16015625,6722.02978515625,6735.35009765625,5245020000.0,1761091199999,0,0,0,0,0
1761091200000,6741.33984375,6741.75,6655.68994140625,6699.39990234375,5710010000.0,1761177599999,0,0,0,0,0
1761177600000,6703.64990234375,6749.52978515625,6700.14013671875,6738.43994140625,5565750000.0,1761263999999,0,0,0,0,0
1761264000000,6772.06982421875,6807.10986328125,6772.06982421875,6791.68994140625,5058220000.0,1761350399999,0,0,0,0,0
1761523200000,6845.4599609375,6877.27978515625,6843.93994140625,6875.16015625,5290650000.0,1761609599999,0,0,0,0,0
1761609600000,6897.740234375,6911.2998046875,6870.72998046875,6890.89013671875,5695930000.0,1761695999999,0,0,0,0,0
1761696000000,6910.9501953125,6920.33984375,6851.91015625,6890.58984375,6280130000.0,1761782399999,0,0,0,0,0
1761782400000,6860.5,6880.75,6820.68994140625,6822.33984375,6052700000.0,1761868799999,0,0,0,0,0
1761868800000,6879.169921875,6879.169921875,6814.259765625,6840.2001953125,6398280000.0,1761955199999,0,0,0,0,0
1762128000000,6882.31982421875,6882.31982421875,6820.6201171875,6851.97021484375,6065720000.0,1762214399999,0,0,0,0,0
1762214400000,6788.52001953125,6820.2099609375,6766.7099609375,6771.5498046875,5739510000.0,1762300799999,0,0,0,0,0
1762300800000,6769.77001953125,6829.77978515625,6763.10986328125,6796.2900390625,5939600000.0,1762387199999,0,0,0,0,0
1762387200000,6787.58984375,6796.68017578125,6707.509765625,6720.31982421875,6051900000.0,1762473599999,0,0,0,0,0
1762473600000,6696.18017578125,6730.10986328125,6631.43994140625,6728.7998046875,5926070000.0,1762559999999,0,0,0,0,0
1762732800000,6785.35986328125,6841.31982421875,6770.56005859375,6832.43017578125,5366050000.0,1762819199999,0,0,0,0,0
1762819200000,6815.64013671875,6855.1298828125,6806.8701171875,6846.60986328125,4983490000.0,1762905599999,0,0,0,0,0
1762905600000,6867.77001953125,6869.91015625,6829.6201171875,6850.919921875,5293610000.0,1762991999999,0,0,0,0,0
1762992000000,6826.47021484375,6828.0498046875,6724.72021484375,6737.490234375,5473720000.0,1763078399999,0,0,0,0,0
1763078400000,6672.14013671875,6774.31005859375,6646.8701171875,6734.10986328125,5042660000.0,1763164799999,0,0,0,0,0
1763337600000,6713.60986328125,6754.5,6638.89990234375,6672.41015625,5204220000.0,1763423999999,0,0,0,0,0
1763424000000,6641.18994140625,6666.6298828125,6574.31982421875,6617.31982421875,5159390000.0,1763510399999,0,0,0,0,0
1763510400000,6625.83984375,6689.75,6603.5,6642.16015625,5021610000.0,1763596799999,0,0,0,0,0
1763596800000,6737.93017578125,6770.35009765625,6534.0498046875,6538.759765625,5596080000.0,1763683199999,0,0,0,0,0
1763683200000,6555.77001953125,6660.0498046875,6521.919921875,6602.990234375,5929930000.0,1763769599999,0,0,0,0,0
1763942400000,6636.5400390625,6715.75,6630.7001953125,6705.1201171875,6039740000.0,1764028799999,0,0,0,0,0
1764028800000,6697.02978515625,6776.39990234375,6659.97998046875,6765.8798828125,5003330000.0,1764115199999,0,0,0,0,0
1764115200000,6793.5498046875,6831.43994140625,6783.8701171875,6812.60986328125,4485000000.0,1764201599999,0,0,0,0,0
1764288000000,6822.52001953125,6850.85986328125,6819.75,6849.08984375,2558540000.0,1764374399999,0,0,0,0,0
1764547200000,6812.2998046875,6843.64990234375,6799.93994140625,6812.6298828125,4549370000.0,1764633599999,0,0,0,0,0
1764633600000,6830.9599609375,6851.5498046875,6806.7099609375,6829.3701171875,4582290000.0,1764719999999,0,0,0,0,0
1764720000000,6815.2900390625,6862.419921875,6810.43017578125,6849.72021484375,4736780000.0,1764806399999,0,0,0,0,0
1764806400000,6866.47021484375,6866.47021484375,6827.1201171875,6857.1201171875,4872440000.0,1764892799999,0,0,0,0,0
1764892800000,6866.31982421875,6895.77978515625,6858.2900390625,6870.39990234375,4944560000.0,1764979199999,0,0,0,0,0
1765152000000,6875.2001953125,6878.27001953125,6827.18994140625,6846.509765625,4757130000.0,1765238399999,0,0,0,0,0
1765238400000,6840.60986328125,6864.919921875,6837.43017578125,6840.509765625,4508050000.0,1765324799999,0,0,0,0,0
1765324800000,6833.490234375,6900.669921875,6824.68994140625,6886.68017578125,5526570000.0,1765411199999,0,0,0,0,0
1765411200000,6861.2998046875,6903.4599609375,6833.4501953125,6901.0,5021060000.0,1765497599999,0,0,0,0,0
1765497600000,6886.85009765625,6899.85009765625,6801.7900390625,6827.41015625,4910160000.0,1765583999999,0,0,0,0,0
1765756800000,6860.18994140625,6861.58984375,6801.490234375,6816.509765625,4975600000.0,1765843199999,0,0,0,0,0
1765843200000,6800.1201171875,6819.27001953125,6759.740234375,6800.259765625,4983180000.0,1765929599999,0,0,0,0,0
1765929600000,6802.8798828125,6812.259765625,6720.43017578125,6721.43017578125,5122120000.0,1766015999999,0,0,0,0,0
1766016000000,6778.06005859375,6816.1298828125,6758.5,6774.759765625,5101190000.0,1766102399999,0,0,0,0,0
1766102400000,6792.6201171875,6840.02001953125,6792.6201171875,6834.5,8554470000.0,1766188799999,0,0,0,0,0
1766361600000,6865.2099609375,6882.02978515625,6855.740234375,6878.490234375,4465030000.0,1766447999999,0,0,0,0,0
1766448000000,6872.41015625,6910.8798828125,6868.81005859375,6909.7900390625,3820560000.0,1766534399999,0,0,0,0,0
1766534400000,6904.91015625,6937.31982421875,6904.91015625,6932.0498046875,1798270000.0,1766620799999,0,0,0,0,0
1766707200000,6936.02001953125,6945.77001953125,6921.60009765625,6929.93994140625,2586550000.0,1766793599999,0,0,0,0,0
1766966400000,6903.60009765625,6920.2099609375,6888.759765625,6905.740234375,3541750000.0,1767052799999,0,0,0,0,0
1767052800000,6900.43994140625,6913.25,6893.47021484375,6896.240234375,3309930000.0,1767139199999,0,0,0,0,0
1767139200000,6898.81982421875,6901.419921875,6844.5498046875,6845.5,3261830000.0,1767225599999,0,0,0,0,0
1767312000000,6878.10986328125,6894.8701171875,6824.31005859375,6858.47021484375,4184120000.0,1767398399999,0,0,0,0,0
1767571200000,6892.18994140625,6920.3798828125,6891.56005859375,6902.0498046875,5771930000.0,1767657599999,0,0,0,0,0
1767657600000,6908.02978515625,6948.68994140625,6904.02001953125,6944.81982421875,5509680000.0,1767743999999,0,0,0,0,0
1767744000000,6945.06982421875,6965.68994140625,6919.18994140625,6920.93017578125,5214480000.0,1767830399999,0,0,0,0,0
1767830400000,6914.10986328125,6931.27978515625,6899.330078125,6921.4599609375,5333200000.0,1767916799999,0,0,0,0,0
1767916800000,6927.830078125,6978.35986328125,6917.64013671875,6966.27978515625,5163900000.0,1768003199999,0,0,0,0,0
1768176000000,6944.1201171875,6986.330078125,6934.06982421875,6977.27001953125,5019040000.0,1768262399999,0,0,0,0,0
1768262400000,6977.41015625,6985.830078125,6938.77001953125,6963.740234375,5091730000.0,1768348799999,0,0,0,0,0
1768348800000,6937.41015625,6941.2998046875,6885.740234375,6926.60009765625,5530830000.0,1768435199999,0,0,0,0,0
1768435200000,6969.4599609375,6979.33984375,6937.93017578125,6944.47021484375,5114050000.0,1768521599999,0,0,0,0,0
1768521600000,6960.5400390625,6967.2998046875,6925.08984375,6940.009765625,5356550000.0,1768607999999,0,0,0,0,0
1768867200000,6865.240234375,6871.169921875,6789.0498046875,6796.85986328125,5769500000.0,1768953599999,0,0,0,0,0
1768953600000,6810.7099609375,6910.39013671875,6804.9599609375,6875.6201171875,5835520000.0,1769039999999,0,0,0,0,0
1769040000000,6914.43994140625,6934.75,6893.6201171875,6913.35009765625,5307580000.0,1769126399999,0,0,0,0,0
1769126400000,6907.85009765625,6932.9599609375,6895.5,6915.60986328125,4871930000.0,1769212799999,0,0,0,0,0
1769385600000,6923.22998046875,6964.66015625,6921.60009765625,6950.22998046875,4968050000.0,1769471999999,0,0,0,0,0
1769472000000,6965.9599609375,6988.81982421875,6958.830078125,6978.60009765625,5331720000.0,1769558399999,0,0,0,0,0
1769558400000,7002.0,7002.27978515625,6963.4599609375,6978.02978515625,5507670000.0,1769644799999,0,0,0,0,0
1769644800000,6977.740234375,6992.83984375,6870.7998046875,6969.009765625,6877780000.0,1769731199999,0,0,0,0,0
1769731200000,6947.27001953125,6964.08984375,6893.47998046875,6939.02978515625,6697340000.0,1769817599999,0,0,0,0,0
1769990400000,6916.64013671875,6991.919921875,6914.33984375,6976.43994140625,5772050000.0,1770076799999,0,0,0,0,0
1770076800000,6985.4501953125,6993.080078125,6862.0498046875,6917.81005859375,7017660000.0,1770163199999,0,0,0,0,0
1770163200000,6924.5,6936.08984375,6838.7998046875,6882.72021484375,7475750000.0,1770249599999,0,0,0,0,0
1770249600000,6837.39013671875,6857.85009765625,6780.1298828125,6798.39990234375,6989120000.0,1770335999999,0,0,0,0,0
1770336000000,6816.740234375,6944.89013671875,6816.740234375,6932.2998046875,6283680000.0,1770422399999,0,0,0,0,0
1770595200000,6917.259765625,6980.10009765625,6905.8701171875,6964.81982421875,5650260000.0,1770681599999,0,0,0,0,0
1770681600000,6974.490234375,6986.830078125,6937.52978515625,6941.81005859375,5595950000.0,1770767999999,0,0,0,0,0
1770768000000,6976.47998046875,6993.47998046875,6911.97021484375,6941.47021484375,6175510000.0,1770854399999,0,0,0,0,0
1770854400000,6957.5400390625,6973.22021484375,6824.0400390625,6832.759765625,7118700000.0,1770940799999,0,0,0,0,0
1770940800000,6834.27001953125,6881.9599609375,6794.5498046875,6836.169921875,5718360000.0,1771027199999,0,0,0,0,0
1771286400000,6819.85986328125,6866.990234375,6775.5,6843.22021484375,5418480000.0,1771372799999,0,0,0,0,0
1771372800000,6855.47998046875,6909.1201171875,6849.66015625,6881.31005859375,5098160000.0,1771459199999,0,0,0,0,0
1771459200000,6861.33984375,6879.1201171875,6833.06005859375,6861.89013671875,5151690000.0,1771545599999,0,0,0,0,0
1771545600000,6843.259765625,6915.85986328125,6836.330078125,6909.509765625,5432480000.0,1771631999999,0,0,0,0,0
1771804800000,6901.25,6916.9599609375,6819.81982421875,6837.75,5638350000.0,1771891199999,0,0,0,0,0
1771891200000,6837.3701171875,6899.169921875,6815.43017578125,6890.06982421875,5266090000.0,1771977599999,0,0,0,0,0
1771977600000,6915.14990234375,6952.509765625,6915.14990234375,6946.1298828125,5328060000.0,1772063999999,0,0,0,0,0
1772064000000,6944.740234375,6947.25,6859.72998046875,6908.85986328125,5889550000.0,1772150399999,0,0,0,0,0
1772150400000,6856.5400390625,6882.9599609375,6831.740234375,6878.8798828125,6665660000.0,1772236799999,0,0,0,0,0
